Player ID,Timestamp,Rank,Player name,Guess rate,Usefulness,erigs,0/8s,7/8s,avg/8,# 3/8s or below,OP guess rate,ED guess rate,IN guess rate,Lives taken,Lives saved,Total hit,Total songs,WIN,LOSE,TIE
4,2026-06-26 21:44:29,157.82,watashiii,70.068,296.323,20,22,0,3.958,66,0,0,70.068,24,39,120,188,7,16,1
16,2026-06-03 21:55:49,90.0,yahallonyanpasu,36.552,114.703,10,36,2,3.245,33,0,0,36.552,17,13,53,145,4,2,0
20,2026-06-26 21:44:29,92.76,kar72,42.143,78.381,3,29,1,4.973,21,0,0,42.143,7,13,74,187,11,6,1
21,2026-06-26 21:44:29,132.8,PoolNoodle,63.492,142.199,15,26,1,4.099,53,0,0,63.492,18,32,91,153,5,13,0
27,2026-06-18 22:03:41,105.0,Deafness,58.333,125.941,5,15,0,4.469,32,0,0,58.333,12,14,98,168,3,3,0
30,2026-06-26 21:44:29,100.0,revel,37.952,63.825,2,22,0,4.698,15,0,0,37.952,5,5,63,166,2,4,0
33,2026-03-07 22:02:31,126.54,Tsui,42.222,101.184,6,47,1,4.25,38,0,0,42.222,13,18,76,180,12,6,0
34,2026-06-03 21:55:49,140.0,YuriMeguri,52.586,156.504,14,23,0,3.904,31,0,0,52.586,16,14,61,116,5,7,0
37,2026-01-04 22:04:34,9.915,claydoll1091,30.675,8.186,6,42,1,4.32,19,0,0,30.675,9,8,50,163,3,3,0
38,2026-05-24 17:59:02,90.0,Diukes,19.463,43.502,3,41,0,4.448,8,0,0,19.463,4,1,29,149,2,4,0
46,2026-07-28 21:54:59,107.63,Orfey,34.028,105.334,14,48,2,3.818,30,0,0,34.028,17,15,49,149,14,15,1
47,2026-06-26 21:44:29,92.5,Renzou,31.783,61.104,2,15,0,4.756,13,0,0,31.783,5,8,41,129,5,1,0
49,2026-06-18 22:03:41,100.06,accelerator11,44.92,133.26,15,33,2,4.2,40,0,0,44.92,19,21,84,187,19,10,1
50,2026-06-26 21:44:29,130.0,Sniparook,48.062,118.869,6,46,0,4.862,30,0,0,48.062,10,21,80,168,13,9,2
51,2026-06-06 18:20:43,120.97,Chata,53.521,181.235,16,33,0,4.0,41,0,0,53.521,20,17,76,163,19,4,1
52,2026-06-06 18:20:43,105.0,Thaleko,47.205,121.121,11,33,0,4.0,34,0,0,47.205,21,11,76,161,4,2,0
58,2026-06-06 18:20:43,95.0,Lika,35.772,90.946,4,20,1,3.955,22,0,0,35.772,11,8,44,123,2,4,0
59,2026-07-05 15:51:11,118.3,neoburnz,48.78,125.98,6,48,0,5.0,32,0,0,48.78,15,16,69,168,19,12,3
64,2026-05-24 17:59:02,130.0,Yokipi,38.926,127.68,9,41,1,3.552,30,0,0,38.926,12,11,58,149,2,4,0
66,2026-06-26 21:44:29,83.26,bamboo,41.176,72.067,4,33,0,4.746,18,0,0,41.176,7,7,63,163,11,7,0
70,2026-06-18 22:03:41,90.76,MahiruShiina,37.805,69.503,11,38,2,5.089,35,0,0,37.805,18,13,62,188,8,21,1
72,2026-06-26 21:44:29,80.0,ruuka,33.333,61.914,1,15,2,4.651,14,0,0,33.333,7,4,43,129,5,1,0
77,2026-06-26 21:44:29,86.86,neptune,39.227,55.919,2,47,0,5.137,22,0,0,39.227,5,14,71,181,6,11,1
78,2026-06-26 21:44:29,91.19,doomchicken,35.294,67.334,7,36,1,4.776,24,0,0,35.294,11,9,54,153,5,6,1
79,2026-06-18 22:03:41,100.0,JuliAless64,37.433,115.812,3,25,0,5.029,23,0,0,37.433,9,10,70,187,9,8,1
82,2026-05-24 17:59:02,110.0,ShiinaMahiru,37.736,77.668,0,48,0,4.567,21,0,0,37.736,8,7,60,159,2,3,1
84,2026-01-04 22:04:34,12.52,Alkios,30.0,7.654,3,47,0,4.315,22,0,0,30,10,7,54,180,4,2,0
87,2026-06-06 18:20:43,105.0,Beokros,29.268,61.16,4,46,1,4.75,9,0,0,29.268,4,5,36,156,3,7,2
91,2026-07-28 21:54:59,95.57,Baikinman,32.593,75.499,7,45,0,4.238,23,0,0,32.593,11,12,44,145,10,8,0
98,2026-01-04 22:04:34,9.598,Comete,24.39,5.896,1,38,0,4.225,16,0,0,24.39,6,3,40,164,1,5,0
103,2026-06-26 21:44:29,85.22,mrwolf2,31.429,54.237,5,28,2,5.136,15,0,0,31.429,6,5,46,155,6,6,0
104,2026-03-07 22:02:31,111.26,joey,31.373,62.114,8,36,1,4.211,23,0,0,31.373,11,9,48,153,6,11,1
106,2026-02-06 06:03:08,13.0,cafezinho,30.37,10.019,2,29,1,4.268,17,0,0,30.37,4,10,41,135,5,1,0
114,2026-06-06 18:20:43,85.0,Mayottatoki,26.531,50.967,3,26,1,4.436,11,0,0,26.531,3,7,39,147,4,2,0
115,2026-06-03 21:55:49,118.14,Saiki,28.221,51.572,14,42,2,4.565,6,0,0,28.221,17,7,46,163,10,14,0
119,2026-07-28 21:54:59,109.36,Fumiii,32.8,86.806,5,59,1,4.857,22,0,0,32.8,9,10,50,161,20,14,2
121,2026-01-19 20:30:37,6.945,Janoxx,11.852,2.527,2,38,1,4.312,5,0,0,11.852,2,2,16,135,3,3,0
124,2026-07-28 21:54:59,95.0,LelPop,24.818,68.11,8,59,0,3.441,20,0,0,24.818,11,9,34,137,2,3,1
126,2026-06-06 18:20:43,65.0,shadismith,19.512,26.931,1,20,3,5.25,5,0,0,19.512,1,3,24,123,2,4,0
134,2026-06-06 18:20:43,79.57,Jakemonkey,20.202,42.479,3,25,0,4.35,7,0,0,20.202,5,7,26,133,2,10,0
143,2026-07-09 20:01:47,102.13,mahzrunner,35.638,69.11,4,42,1,5.164,8,0,0,35.638,7,10,67,188,18,22,4
147,2026-01-19 20:30:37,7.774,thjalago,18.045,4.218,3,38,2,4.375,9,0,0,18.045,6,2,24,133,2,4,0
149,2026-06-26 21:44:29,78.9,Zozo,35.659,64.691,3,47,0,4.804,16,0,0,35.659,8,7,48,163,7,4,1
150,2026-07-09 20:01:47,69.29,Bommie,28.814,62.558,3,38,0,4.545,7,0,0,28.814,5,5,33,164,6,9,1
155,2026-06-26 21:44:29,57.5,Unborned,14.458,22.151,0,22,2,5.083,7,0,0,14.458,2,4,24,166,2,4,0
164,2026-07-28 21:54:59,60.0,IAmAsianNoob,13.559,18.241,1,59,0,5.375,6,0,0,13.559,3,3,16,137,2,6,2
166,2026-06-26 21:44:29,60.0,gw13,14.458,14.166,0,22,1,5.625,2,0,0,14.458,0,1,24,166,2,4,0
171,2026-07-28 21:54:59,76.7,JustAWeirdo,18.182,34.539,3,59,2,5.75,6,0,0,9.524,5,3,22,163,24,29,3
177,2026-02-06 06:03:08,13.0,oh95,29.032,10.031,4,28,0,4.156,17,0,0,29.032,4,8,45,155,4,2,0
217,2026-07-28 21:54:59,74.12,ShelterRin,26.389,52.971,3,48,0,5.353,5,0,0,26.389,4,11,38,163,7,9,2
221,2026-06-26 21:44:29,77.5,Neumann,37.255,75.224,5,16,2,4.526,21,0,0,37.255,9,4,57,153,3,3,0
230,2026-02-06 06:03:08,12.0,BigSmo,24.444,9.267,6,29,0,4.303,14,0,0,24.444,8,3,33,135,5,1,0
237,2026-06-18 22:03:41,55.0,transfer,8.287,15.579,0,15,13,4.8,5,0,0,8.287,2,2,15,181,2,4,0
269,2026-07-28 21:54:59,70.0,icefeed2,16.667,23.376,1,48,1,5.0,7,0,0,16.667,3,3,24,144,3,2,1
274,2026-06-03 21:55:49,93.0,Mami,25.352,60.794,3,37,1,3.917,19,0,0,25.352,5,10,36,142,1,5,0
286,2026-01-19 20:30:37,8.51,Lakumix,24.812,5.467,3,38,0,4.455,12,0,0,24.812,7,1,33,133,2,4,0
289,2026-06-18 22:03:41,95.97,Provenance,31.405,52.107,3,47,7,4.971,20,0,0,31.405,7,9,42,168,12,17,1
291,2026-01-19 20:30:37,8.692,ss_r_white_pony,23.704,6.238,4,38,0,3.812,14,0,0,23.704,7,5,32,135,3,3,0
292,2026-03-07 22:02:31,83.86,FeyFey,19.259,32.914,4,36,4,5.227,6,0,0,19.259,7,4,26,147,7,11,0
311,2026-02-06 06:03:08,12.0,beautiful,22.556,8.129,3,23,0,3.967,12,0,0,22.556,7,3,30,133,0,6,0
318,2026-06-18 22:03:41,72.66,Nephirea,29.787,41.349,1,42,1,5.286,9,0,0,29.787,4,8,56,188,5,6,1
335,2026-07-28 21:54:59,75.0,xeyz,17.606,27.925,2,48,4,5.217,6,0,0,17.606,3,1,25,144,8,2,2
336,2026-02-06 06:03:08,10.0,fiftypercentweeb,23.967,7.082,0,22,0,4.276,13,0,0,23.967,3,4,29,121,3,3,0
338,2026-06-26 21:44:29,55.0,ranny,10.458,7.493,0,16,7,6.125,1,0,0,10.458,1,0,16,153,3,3,0
347,2026-06-18 22:03:41,92.2,Selaph,37.857,84.419,4,33,0,5.302,8,0,0,37.857,11,13,63,187,13,4,1
348,2026-07-28 21:54:59,65.0,Heleos,19.512,38.088,3,45,1,4.208,10,0,0,19.512,3,5,24,123,3,3,0
353,2026-07-09 20:01:47,91.22,Solosion,27.119,59.529,2,46,1,4.84,8,0,0,27.119,7,2,27,133,10,5,1
357,2026-05-24 17:59:02,86.05,chommy,19.014,37.162,4,47,4,5.037,9,0,0,19.014,7,3,27,180,13,9,2
379,2026-02-06 06:03:08,11.0,CipherKai,27.407,8.028,1,29,0,4.514,15,0,0,27.407,4,6,37,135,5,1,0
391,2026-02-06 06:03:08,8.0,rinshantsumo,6.015,1.529,0,23,2,4.5,2,0,0,6.015,1,0,8,133,0,6,0
394,2026-07-28 21:54:59,105.0,Komari,34.146,87.769,9,56,1,4.512,23,0,0,34.146,15,10,43,142,8,6,2
398,2026-01-04 22:04:34,8.0,kabao,21.111,4.61,2,47,1,4.763,13,0,0,21.111,6,7,38,180,4,2,0
399,2026-07-28 21:54:59,66.47,ElJuanchi,16.552,29.387,2,45,0,5.143,7,0,0,16.552,6,3,24,145,10,11,1
405,2026-07-05 15:51:11,50.0,anicomi,12.195,16.795,1,21,0,5.0,3,0,0,12.195,1,1,10,82,0,3,1
410,2026-01-09 05:13:22,4.915,FoopyPoopy,5.556,1.739,1,26,2,3.857,3,0,0,5.556,1,1,7,126,2,4,0
417,2026-07-28 21:54:59,70.0,YellowRose,21.127,54.419,6,56,0,3.667,18,0,0,21.127,9,6,30,142,3,3,0
418,2026-06-18 22:03:41,140.0,Bai,74.033,220.869,15,15,0,3.754,70,0,0,74.033,23,43,134,181,2,4,0
419,2026-07-28 21:54:59,60.0,Keysha,10.563,9.505,0,56,0,5.6,2,0,0,10.563,1,1,15,142,3,3,0
430,2026-07-09 20:01:47,100.0,HaruUrara,32.394,86.71,4,26,0,4.217,22,0,0,32.394,8,5,46,142,9,0,1
431,2026-07-28 21:54:59,63.75,Luna,18.634,34.958,2,56,4,5.8,7,0,0,9.804,6,4,30,161,23,11,4
441,2026-05-24 17:59:02,80.0,Dav1d,14.744,27.83,0,46,1,4.739,8,0,0,14.744,1,2,23,156,1,3,2
453,2026-07-28 21:54:59,64.53,RyoutaVN,21.138,54.228,6,45,1,4.88,9,0,0,21.138,9,5,30,155,8,10,0
505,2026-07-09 20:01:47,85.8,MaikaSasaki,32.927,70.283,3,36,0,4.25,4,0,0,32.927,6,6,30,145,7,5,2
520,2026-06-18 22:03:41,95.0,konomi,34.254,54.265,1,15,2,4.984,16,0,0,34.254,6,3,62,181,2,4,0
