Timestamp,Rank,Player name,Guess rate,Usefulness,erigs,0/8s,7/8s,avg/8,# 3/8s or below,OP guess rate,ED guess rate,IN guess rate,Lives taken,Lives saved,Total hit,Total songs,WIN,LOSE,TIE,Onlist,Offlist,Rig %,Rigs,Solo rigs,Missed solos,Rigs hit,Rigs missed,Lives lost on rigs,Offlist erigs,avg/8 of your rigs
2026-01-02 22:09:11,67,kar72,69.912,71.952,7,7,0,3.684,40,0,69.912,0,11,24,79,113,1,4,0,90.909,61.25,29.204,33,6,1,30,3,0,2,3.364
2026-01-02 22:09:11,59,Diukes,63.333,79.358,5,3,0,3.07,40,0,63.333,0,15,17,57,90,4,1,0,84.615,47.059,43.333,39,6,0,33,6,3,0,3.026
2026-01-02 22:09:11,48,koroshiya,61.682,73.099,6,3,0,3.364,41,0,61.682,0,16,19,66,107,3,2,0,91.176,47.945,31.776,34,8,0,31,3,1,1,3.235
2026-01-02 22:09:11,56,Nephirea,55.882,52.55,3,4,0,3.86,24,0,55.882,0,7,12,57,102,3,2,0,100,39.189,27.451,28,4,0,28,0,0,1,3.929
2026-01-02 22:09:11,55,civiltwlight,45.69,47.698,3,7,0,3.717,25,0,45.69,0,6,19,53,116,3,2,0,81.818,37.234,18.966,22,5,2,18,4,0,0,2.818
2026-01-02 22:09:11,36,MrWolf,45.455,57.193,2,3,0,3.2,6,0,45.455,0,4,2,10,22,1,0,0,62.5,35.714,36.364,8,5,2,5,3,1,0,1.5
2026-01-02 22:09:11,40,yasashiikumo,43.373,39.54,2,5,0,3.917,15,0,43.373,0,5,7,36,83,0,5,0,90.909,36.111,13.253,11,3,1,10,1,0,0,2.455
2026-01-02 22:09:11,40,Animerod,38.614,35.431,0,9,0,3.821,18,0,38.614,0,7,6,39,101,3,2,0,69.231,28,25.743,26,7,3,18,8,3,0,2.423
2026-01-02 22:09:11,38,Jakemonkey,37.255,28.442,2,4,0,4.316,14,0,37.255,0,3,5,38,102,3,2,0,87.5,27.907,15.686,16,4,1,14,2,0,0,3.812
2026-01-02 22:09:11,40,chaabdu92,36.709,32.04,1,6,0,3.897,13,0,36.709,0,5,2,29,79,2,2,0,81.818,19.298,27.848,22,1,0,18,4,1,1,3.909
2026-01-02 22:09:11,36,Provenance,36.634,37.207,4,9,0,3.784,18,0,36.634,0,9,4,37,101,3,2,0,86.667,15.493,29.703,30,7,1,26,4,1,0,2.933
2026-01-02 22:09:11,36,inta,36.449,32.624,5,3,0,4.128,14,0,36.449,0,7,2,39,107,3,2,0,83.333,18.182,28.037,30,7,1,25,5,1,0,3.367
2026-01-02 22:09:11,37,Naizuri,36.449,32.388,3,3,0,4.077,13,0,36.449,0,9,4,39,107,3,2,0,87.097,15.789,28.972,31,3,0,27,4,1,0,3.645
2026-01-02 22:09:11,44,bamboo,36.145,33.562,2,5,0,3.9,14,0,36.145,0,5,6,30,83,0,5,0,100,24.286,15.663,13,4,0,13,0,0,0,3.538
2026-01-02 22:09:11,27,Orfey,34.483,26.142,1,7,0,4.3,13,0,34.483,0,4,7,40,116,3,2,0,75.758,18.072,28.448,33,4,2,25,8,1,0,3.636
2026-01-02 22:09:11,32,pomo,31.25,40.955,4,2,0,3.08,15,0,31.25,0,7,6,25,80,3,2,0,81.818,12.069,27.5,22,5,0,18,4,1,0,2.955
2026-01-02 22:09:11,33,Skychael,31.25,43.431,6,2,0,2.96,16,0,31.25,0,8,3,25,80,3,2,0,84.211,14.754,23.75,19,4,1,16,3,1,0,2.421
2026-01-02 22:09:11,31,Janoxx,31.111,30.906,1,3,0,3.679,13,0,31.111,0,8,3,28,90,4,1,0,100,16.216,17.778,16,4,0,16,0,0,0,3.062
2026-01-02 22:09:11,30,Baikinman,30.973,20.927,1,7,0,4.543,10,0,30.973,0,4,3,35,113,1,4,0,45.455,17.241,48.673,55,8,4,25,30,3,0,3.6
2026-01-02 22:09:11,34,xeyz,28.75,27.842,2,2,0,3.739,9,0,28.75,0,3,3,23,80,3,2,0,53.488,0,53.75,43,6,1,23,20,6,0,2.651
2026-01-02 22:09:11,20,Hyo,28.713,28.984,1,9,0,3.759,17,0,28.713,0,8,5,29,101,3,2,0,50,23.457,19.802,20,7,2,10,10,1,0,2.9
2026-01-02 22:09:11,20,FoopyPoopy,28.319,17.764,0,7,1,4.656,7,0,28.319,0,4,3,32,113,1,4,0,92.857,7.059,24.779,28,4,0,26,2,1,0,4.25
2026-01-02 22:09:11,28,Konsumenci,27.778,32.177,4,3,0,3.48,13,0,27.778,0,8,2,25,90,4,1,0,85.714,10.145,23.333,21,9,1,18,3,1,0,3.048
2026-01-02 22:09:11,35,Saiki,26.25,39.739,5,2,0,2.667,16,0,26.25,0,7,6,21,80,3,2,0,100,14.493,13.75,11,6,0,11,0,0,1,2.091
2026-01-02 22:09:11,24,2skr,25.49,20.902,0,4,1,4.231,10,0,25.49,0,4,3,26,102,3,2,0,95,8.537,19.608,20,7,0,19,1,1,0,3.45
2026-01-02 22:09:11,19,JustAWeirdo,24.779,17.565,2,7,0,4.607,8,0,24.779,0,2,2,28,113,1,4,0,92,5.682,22.124,25,5,1,23,2,0,1,4.12
2026-01-02 22:09:11,18,LordGrond,23.529,18.388,0,4,2,4.25,11,0,23.529,0,1,5,24,102,3,2,0,100,3.704,20.588,21,7,0,21,0,0,0,4.143
2026-01-02 22:09:11,25,FeyFey,22.414,21.654,2,7,0,4.077,10,0,22.414,0,4,6,26,116,3,2,0,71.875,3.571,27.586,32,5,0,23,9,2,0,3.656
2026-01-02 22:09:11,37,Patoche49,21.687,18.261,2,5,0,4.278,6,0,21.687,0,3,0,18,83,0,5,0,91.667,9.859,14.458,12,2,0,11,1,1,0,3.417
2026-01-02 22:09:11,15,Unborned,21.495,20.667,2,3,4,3.87,11,0,21.495,0,5,0,23,107,3,2,0,61.29,5.263,28.972,31,5,0,19,12,1,0,3.71
2026-01-02 22:09:11,15,Rhummy,19.277,18.689,2,5,0,4,9,0,19.277,0,4,2,16,83,0,5,0,66.667,6.154,21.687,18,6,0,12,6,3,0,3.167
2026-01-02 22:09:11,29,Najeem,18.966,18.528,3,7,2,4.091,8,0,18.966,0,3,7,22,116,3,2,0,83.333,2.174,20.69,24,2,0,20,4,1,0,3.917
2026-01-02 22:09:11,16,MisheruDesu,14.444,13.357,1,3,0,4,6,0,14.444,0,3,1,13,90,4,1,0,69.231,5.195,14.444,13,2,0,9,4,1,1,3.769
,,,,,,,,,,,,,,,,,,,,,,,,,,,,,,
2026-02-13 22:29:59,63.7,kar72,79.245,86.948,8,3,0,3.988,32,0,79.245,0,18,11,84,106,4,1,0,91.429,73.239,33.019,35,7,0,32,3,2,1,3.514
2026-02-13 22:29:59,62.5,Thaleko,76.087,86.327,5,0,0,3.843,31,0,76.087,0,11,13,70,92,3,2,0,100,65.079,31.522,29,9,0,29,0,0,1,3.276
2026-02-13 22:29:59,67,koroshiya,65.873,70.415,3,4,0,3.928,37,0,65.873,0,9,18,83,126,1,4,0,83.333,58.889,28.571,36,7,4,30,6,2,1,3.361
2026-02-13 22:29:59,65.4,Tsui,61.404,65.522,2,2,0,3.857,29,0,61.404,0,6,24,70,114,1,4,0,70,59.574,17.544,20,4,2,14,6,1,1,3.05
2026-02-13 22:29:59,51.5,Legitted,54.717,38.865,0,3,0,4.707,11,0,54.717,0,8,0,58,106,4,1,0,100,42.857,20.755,22,5,0,22,0,0,0,4.318
2026-02-13 22:29:59,49.1,beautiful,53.261,41.014,0,0,0,4.49,15,0,53.261,0,5,5,49,92,3,2,0,92.857,46.154,15.217,14,2,0,13,1,0,0,4.071
2026-02-13 22:29:59,52.5,claydoll1091,53.097,55.981,5,4,0,4.05,27,0,53.097,0,9,11,60,113,4,1,0,100,41.758,19.469,22,8,0,22,0,0,0,3.227
2026-02-13 22:29:59,53.3,CipherKai,52.381,50.595,4,5,0,4.197,24,0,52.381,0,6,11,66,126,2,3,0,87.234,31.646,37.302,47,7,2,41,6,1,2,3.872
2026-02-13 22:29:59,55.1,LeNainDuPSG,49.558,45.237,3,4,0,4.375,15,0,49.558,0,9,4,56,113,4,1,0,78.788,37.5,29.204,33,3,1,26,7,1,0,3.545
2026-02-13 22:29:59,35,xeyz,48.673,40.592,3,4,0,4.582,13,0,48.673,0,8,3,55,113,4,1,0,70.667,5.263,66.372,75,8,4,53,22,4,0,3.933
2026-02-13 22:29:59,41.2,tapumomo,47.788,44.243,4,4,1,4.352,16,0,47.788,0,10,3,54,113,4,1,0,96.97,27.5,29.204,33,1,0,32,1,0,1,4.03
2026-02-13 22:29:59,55,yasashiikumo,46.296,38.068,0,8,0,4.42,13,0,46.296,0,1,10,50,108,1,4,0,91.667,23.611,33.333,36,5,0,33,3,2,0,4.444
2026-02-13 22:29:59,36.7,HaruUrara,45.133,42.365,2,4,0,4.294,21,0,45.133,0,7,10,51,113,4,1,0,91.667,32.584,21.239,24,3,1,22,2,0,0,3.542
2026-02-13 22:29:59,39.4,qwecocacola,42.857,38.368,2,5,1,4.315,17,0,42.857,0,4,8,54,126,2,3,0,94.286,23.077,27.778,35,5,1,33,2,0,0,3.6
2026-02-13 22:29:59,51.2,Flato,41.667,35.378,1,8,1,4.378,12,0,41.667,0,4,7,45,108,1,4,0,79.412,24.324,31.481,34,5,1,27,7,0,0,3.824
2026-02-13 22:29:59,32.4,pomo,40.708,43.797,5,4,0,4.109,20,0,40.708,0,8,9,46,113,4,1,0,82.5,17.808,35.398,40,9,3,33,7,1,1,3.325
2026-02-13 22:29:59,36.3,Provenance,40.566,40.876,4,3,1,4.256,17,0,40.566,0,8,5,43,106,4,1,0,94.595,11.594,34.906,37,9,1,35,2,1,0,3.649
2026-02-13 22:29:59,32.4,Swapin,39.815,36.127,2,8,0,4.326,14,0,39.815,0,4,6,43,108,1,4,0,78.125,23.684,29.63,32,4,0,25,7,3,1,3.812
2026-02-13 22:29:59,38.4,legrandort,37.302,26.659,0,4,0,4.66,11,0,37.302,0,1,8,47,126,1,4,0,96.875,17.021,25.397,32,7,0,31,1,1,0,4.438
2026-02-13 22:29:59,38.7,jaimeywea,36.842,30.632,0,2,1,4.262,12,0,36.842,0,1,8,42,114,1,4,0,82.759,21.176,25.439,29,4,0,24,5,1,0,3.759
2026-02-13 22:29:59,36.7,Bommie,34.127,20.047,0,4,0,5,7,0,34.127,0,1,4,43,126,1,4,0,66.667,12,40.476,51,0,1,34,17,4,0,4.353
2026-02-13 22:29:59,31,AnotherWish,33.628,30.192,2,4,0,4.474,11,0,33.628,0,7,4,38,113,4,1,0,92.105,4,33.628,38,6,1,35,3,0,0,4.132
2026-02-13 22:29:59,31.6,inta,31.522,23.1,0,0,0,4.69,9,0,31.522,0,3,2,29,92,3,2,0,73.913,17.391,25,23,9,0,17,6,3,0,3.913
2026-02-13 22:29:59,36.5,Patoche49,29.825,24.664,2,2,0,4.529,6,0,29.825,0,3,4,34,114,1,4,0,86.957,15.385,20.175,23,4,0,20,3,0,0,3.696
2026-02-13 22:29:59,23.5,IAmAsianNoob,29.365,18.803,0,5,0,4.973,7,0,29.365,0,2,4,37,126,2,3,0,77.778,16.162,21.429,27,2,1,21,6,0,0,4.333
2026-02-13 22:29:59,21.6,JustAWeirdo,26.087,14.724,0,0,0,5.083,4,0,26.087,0,1,0,24,92,3,2,0,90.909,5.714,23.913,22,5,0,20,2,1,0,4.727
2026-02-13 22:29:59,33,Vr0003,24.603,27.722,3,5,3,4,13,0,24.603,0,4,9,31,126,2,3,0,70.37,12.121,21.429,27,9,2,19,8,1,0,2.852
2026-02-13 22:29:59,25.7,Janoxx,24.603,35.402,5,4,4,3.29,18,0,24.603,0,10,2,31,126,1,4,0,100,11.215,15.079,19,10,0,19,0,0,0,2.737
2026-02-13 22:29:59,25.9,chommy,24.561,27.52,1,2,2,3.821,12,0,24.561,0,6,3,28,114,1,4,0,100,10.417,15.789,18,8,0,18,0,0,0,3.333
2026-02-13 22:29:59,18.2,LordGrond,23.009,21.512,3,4,1,4.5,10,0,23.009,0,5,1,26,113,4,1,0,86.957,6.667,20.354,23,5,0,20,3,0,0,3.87
2026-02-13 22:29:59,22.8,FoopyPoopy,18.868,10.465,0,3,1,5.35,3,0,18.868,0,2,1,20,106,4,1,0,86.364,1.19,20.755,22,2,0,19,3,1,0,5.091
2026-02-13 22:29:59,21,Whales6978,14.815,6.35,0,8,0,5.625,2,0,14.815,0,1,0,16,108,1,4,0,45.833,5.952,22.222,24,0,0,11,13,3,0,4.292
,,,,,,,,,,,,,,,,,,,,,,,,,,,,,,
2026-03-16 22:36:01,65.6,kar72,80,89.668,4,4,0,3.74,48,0,80,0,12,28,100,125,4,1,0,90.698,74.39,34.4,43,7,1,39,4,1,2,3.86
2026-03-16 22:36:01,65.16,Thaleko,63.889,67.878,4,4,0,3.899,29,0,63.889,0,11,16,69,108,2,3,0,96,54.217,23.148,25,4,0,24,1,1,0,3.24
2026-03-16 22:36:01,62,Diukes,63,83.202,8,4,0,3.413,33,0,63,0,14,16,63,100,3,2,0,61.765,63.636,34,34,4,3,21,13,3,3,2.618
2026-03-16 22:36:01,60.74,Progenitor,60.563,57.629,5,6,0,4.116,34,0,60.563,0,10,14,86,142,1,4,0,95.312,32.051,45.07,64,7,1,61,3,0,0,4
2026-03-16 22:36:01,53.93,Mami,58.12,66.825,6,6,0,3.721,31,0,58.12,0,12,14,68,117,4,1,0,92,48.913,21.368,25,15,2,23,2,0,0,2.6
2026-03-16 22:36:01,50,LeNainDuPSG,52.212,49.688,1,2,0,4.153,26,0,52.212,0,9,14,59,113,2,3,0,73.913,37.313,40.708,46,7,0,34,12,5,0,3.435
2026-03-16 22:36:01,45,Baguett,51.22,55.104,2,3,0,3.786,21,0,51.22,0,7,7,42,82,3,2,0,94.737,38.095,23.171,19,4,0,18,1,1,0,3.579
2026-03-16 22:36:01,46.72,Zozo,47.788,46.651,2,2,1,4.13,22,0,47.788,0,11,9,54,113,2,3,0,84.848,32.5,29.204,33,2,0,28,5,2,2,4.091
2026-03-16 22:36:01,42.95,Comete,46.903,45.038,1,2,0,4.151,24,0,46.903,0,13,7,53,113,2,3,0,70.27,35.526,32.743,37,4,0,26,11,0,0,3.838
2026-03-16 22:36:01,53.68,yasashiikumo,46.087,36.883,1,3,0,4.415,17,0,46.087,0,4,9,53,115,1,4,0,77.778,36.364,23.478,27,7,0,21,6,3,0,4
2026-03-16 22:36:01,40.62,qwecocacola,43.662,33.685,2,6,0,4.548,18,0,43.662,0,7,7,62,142,1,4,0,97.436,23.301,27.465,39,5,0,38,1,0,0,4.231
2026-03-16 22:36:01,40.49,_nadeshiko,42.683,46.454,2,3,0,3.829,17,0,42.683,0,6,3,35,82,3,2,0,78.571,35.294,17.073,14,6,1,11,3,2,1,2.929
2026-03-16 22:36:01,41.27,HaruUrara,41.739,46.758,4,3,2,3.875,22,0,41.739,0,9,9,48,115,1,4,0,90.909,21.951,28.696,33,6,0,30,3,1,1,3.303
2026-03-16 22:36:01,46.88,IrinaShidou,41.6,27.728,0,4,0,4.731,11,0,41.6,0,2,1,52,125,4,1,0,63.333,21.538,48,60,7,2,38,22,3,0,3.817
2026-03-16 22:36:01,35.49,Provenance,39.13,49.672,6,3,3,3.6,23,0,39.13,0,12,7,45,115,1,4,0,91.667,15.19,31.304,36,8,0,33,3,1,0,3.333
2026-03-16 22:36:01,29.2,Yolowolf75,38.889,36.263,2,4,0,4.238,14,0,38.889,0,5,5,42,108,2,3,0,73.81,16.667,38.889,42,3,1,31,11,2,0,3.952
2026-03-16 22:36:01,39.1,Bommie,38.889,27.476,0,4,0,4.69,9,0,38.889,0,5,1,42,108,2,3,0,73.469,10.169,45.37,49,1,1,36,13,2,0,4.102
2026-03-16 22:36:01,36.19,Patoche49,38.4,33.372,2,4,0,4.396,15,0,38.4,0,8,2,48,125,4,1,0,97.368,12.644,30.4,38,2,0,37,1,1,0,4.263
2026-03-16 22:36:01,32.7,Heleos,35.211,29.19,1,6,1,4.4,18,0,35.211,0,5,11,50,142,1,4,0,86.047,13.131,30.282,43,4,3,37,6,1,0,3.814
2026-03-16 22:36:01,40.85,AnnaYanami,34.188,30.153,0,6,0,4.15,16,0,34.188,0,3,5,40,117,4,1,0,95.238,20.833,17.949,21,3,1,20,1,0,0,3.619
2026-03-16 22:36:01,36.61,AnotherWish,34.188,37.703,3,6,0,3.8,21,0,34.188,0,4,11,40,117,4,1,0,82.927,7.895,35.043,41,4,1,34,7,0,1,3.659
2026-03-16 22:36:01,35.04,xeyz,30,21.681,0,4,0,4.533,4,0,30,0,2,6,30,100,3,2,0,53.061,7.843,49,49,4,2,26,23,5,0,3.531
2026-03-16 22:36:01,36.34,joey,28.049,38.654,5,3,0,3.435,10,0,28.049,0,5,4,23,82,3,2,0,75,12.903,24.39,20,7,0,15,5,3,0,2.55
2026-03-16 22:36:01,34,Saiki,28,25.12,2,4,0,4.25,8,0,28,0,2,3,28,100,3,2,0,100,18.182,12,12,2,0,12,0,0,0,3.417
2026-03-16 22:36:01,25.63,Shiku,27.826,18.75,0,3,0,4.844,8,0,27.826,0,1,5,32,115,1,4,0,75.758,8.537,28.696,33,2,0,25,8,1,0,4.788
2026-03-16 22:36:01,25.56,Janoxx,26,32.241,2,4,1,3.5,13,0,26,0,8,2,26,100,3,2,0,95,8.75,20,20,6,0,19,1,0,0,3
2026-03-16 22:36:01,22.44,FoopyPoopy,25.926,24.064,1,4,0,4.357,10,0,25.926,0,5,4,28,108,2,3,0,92.308,4.878,24.074,26,4,2,24,2,0,0,3.885
2026-03-16 22:36:01,34.37,Swapin,23.171,15.984,0,3,0,4.579,4,0,23.171,0,1,1,19,82,3,2,0,50,14.516,24.39,20,2,0,10,10,1,0,4
2026-03-16 22:36:01,24.77,2skr,20.513,21.133,0,6,1,3.833,10,0,20.513,0,5,4,24,117,4,1,0,100,7,14.53,17,8,0,17,0,0,0,3.529
2026-03-16 22:36:01,22.03,JustAWeirdo,18.31,10.377,0,6,0,5.077,3,0,18.31,0,1,1,26,142,1,4,0,85.185,2.609,19.014,27,2,1,23,4,1,0,4.704
2026-03-16 22:36:01,17,Hadarios,15.044,11.967,0,2,3,4.588,5,0,15.044,0,4,1,17,113,2,3,0,57.143,5.435,18.584,21,4,1,12,9,0,0,3.667
2026-03-16 22:36:01,8,zomg,13.6,10.008,1,4,0,4.824,4,0,13.6,0,1,0,17,125,4,1,0,59.091,3.883,17.6,22,2,2,13,9,0,0,3.818
,,,,,,,,,,,,,,,,,,,,,,,,,,,,,,
2026-04-14 21:18:33,67.12,kar72,71.951,72.933,4,5,0,3.958,53,0,71.951,0,11,28,118,164,0,5,1,96,61.404,30.488,50,5,1,48,2,1,2,4.02
2026-04-14 21:18:33,58.78,Diukes,61.745,76.442,8,4,0,3.533,51,0,61.745,0,17,23,92,149,5,1,0,75.758,50.602,44.295,66,11,2,50,16,4,2,3.136
2026-04-14 21:18:33,42.95,Comete,49.324,48.483,4,4,1,4.178,31,0,49.324,0,11,8,73,148,3,3,0,93.023,31.429,29.054,43,6,0,40,3,0,0,4.023
2026-04-14 21:18:33,44.4,Pile,47.297,43.508,1,4,1,4.271,27,0,47.297,0,9,14,70,148,3,3,0,75,21.053,48.649,72,4,1,54,18,2,0,3.75
2026-04-14 21:18:33,37.87,Dry,46.98,49.167,3,4,1,3.886,31,0,46.98,0,11,8,70,149,5,1,0,83.824,16.049,45.638,68,6,0,57,11,2,1,3.971
2026-04-14 21:18:33,44.76,Beokros,45.695,38.846,0,3,1,4.333,25,0,45.695,0,6,11,69,151,3,2,1,83.333,24.742,35.762,54,4,0,45,9,4,0,3.722
2026-04-14 21:18:33,49.71,Fumiii,43.709,40.764,2,3,0,4.182,25,0,43.709,0,6,17,66,151,3,2,1,100,19.048,30.464,46,4,0,46,0,0,0,3.674
2026-04-14 21:18:33,30.71,Orfey,40.244,38.149,2,5,2,4.152,28,0,40.244,0,7,12,66,164,0,5,1,74.468,26.496,28.659,47,6,2,35,12,1,0,3.489
2026-04-14 21:18:33,36.24,AnotherWish,39.189,33.353,3,4,0,4.517,20,0,39.189,0,9,6,58,148,3,3,0,85.185,12.766,36.486,54,4,0,46,8,0,0,4.259
2026-04-14 21:18:33,36.07,Animerod,38.411,30.532,0,3,2,4.466,20,0,38.411,0,3,11,58,151,3,2,1,87.179,21.429,25.828,39,4,0,34,5,2,0,3.897
2026-04-14 21:18:33,33.68,Skychael,37.838,33.504,3,4,0,4.446,20,0,37.838,0,8,6,56,148,3,3,0,93.939,21.739,22.297,33,6,2,31,2,0,0,3.848
2026-04-14 21:18:33,26.74,Janoxx,31.788,30.384,3,3,3,4.292,18,0,31.788,0,7,5,48,151,3,2,1,89.655,18.033,19.205,29,7,1,26,3,1,0,3.241
2026-04-14 21:18:33,23.23,FoopyPoopy,26.829,21.951,1,5,0,4.636,15,0,26.829,0,5,4,44,164,0,5,1,89.474,7.937,23.171,38,5,0,34,4,0,0,4.053
2026-04-14 21:18:33,36.18,Patoche49,26.829,15.202,0,5,1,5.045,5,0,26.829,0,1,0,44,164,0,5,1,96.875,9.848,19.512,32,1,0,31,1,0,0,5.031
2026-04-14 21:18:33,41.97,Saiki,26.174,23.448,0,4,2,4.231,15,0,26.174,0,6,4,39,149,5,1,0,100,16.031,12.081,18,7,0,18,0,0,0,3.722
2026-04-14 21:18:33,18.69,LordGrond,22.819,23.549,2,4,2,4.029,14,0,22.819,0,3,5,34,149,5,1,0,96.154,7.317,17.45,26,3,0,25,1,0,0,3.846
,,,,,,,,,,,,,,,,,,,,,,,,,,,,,,
2026-04-23 18:00:49,120.713,koroshiya,74.336,244.706,28,10,1,2.405,65,0,74.336,0,30,30,84,113,4,2,0,0,74.336,0,0,0,0,0,0,0,28,0
2026-04-23 18:00:49,114.878,Diukes,61.062,145.198,8,19,0,2.957,44,0,61.062,0,10,32,69,113,3,3,0,80,55.682,22.124,25,12,0,20,5,2,6,2.72
2026-04-23 18:00:49,111.06,claydoll1091,45,128.468,15,23,0,2.704,36,0,45,0,17,13,54,120,4,2,0,100,40.541,7.5,9,5,0,9,0,0,15,3
2026-04-23 18:00:49,93.77,Progenitor,34.314,65.112,5,18,2,3.486,14,0,34.314,0,7,5,35,102,1,5,0,100,22.989,14.706,15,9,0,15,0,0,3,2.933
2026-04-23 18:00:49,83.96,chemist,33.333,48.604,1,18,1,3.765,12,0,33.333,0,3,8,34,102,1,5,0,100,29.897,4.902,5,1,0,5,0,0,1,2.4
2026-04-23 18:00:49,100,Orfey,32.743,61.754,5,19,0,3.459,16,0,32.743,0,6,6,37,113,3,3,0,93.333,23.469,13.274,15,6,0,14,1,1,2,3
2026-04-23 18:00:49,100,Comete,28.431,31.183,0,18,0,4.069,9,0,28.431,0,1,4,29,102,1,5,0,63.636,24.176,10.784,11,7,1,7,4,3,0,2.909
2026-04-23 18:00:49,78.404,Saiki,23.894,35.762,2,10,0,3.852,11,0,23.894,0,3,4,27,113,4,2,0,100,20.37,4.425,5,1,0,5,0,0,2,3
2026-04-23 18:00:49,80,Keizan,23.333,51.917,3,23,0,3.179,15,0,23.333,0,5,9,28,120,4,2,0,94.118,11.65,14.167,17,9,0,16,1,0,0,2.824
2026-04-23 18:00:49,83.31,Janoxx,20.354,24.338,0,10,2,4.043,8,0,20.354,0,1,3,23,113,4,2,0,100,16.667,4.425,5,4,0,5,0,0,0,4
2026-04-23 18:00:49,90.11,Skychael,20,21.983,0,23,1,3.958,8,0,20,0,0,2,24,120,4,2,0,50,18.421,5,6,2,2,3,3,0,0,2
2026-04-23 18:00:49,66.32,FoopyPoopy,7.965,13.078,1,19,6,3.778,4,0,7.965,0,3,0,9,113,3,3,0,71.429,3.774,6.195,7,2,0,5,2,0,0,3.286
,,,,,,,,,,,,,,,,,,,,,,,,,,,,,,
2026-05-07 17:27:53,146.55,Diukes,64.655,186.791,8,3,0,3.707,37,0,64.655,0,21,7,75,116,5,1,0,77.551,55.224,42.241,49,5,2,38,11,0,3,3.184
2026-05-07 17:27:53,117.13,Progenitor,52.5,133.875,2,5,0,3.968,28,0,52.5,0,9,14,63,120,3,3,0,86.111,38.095,30,36,4,0,31,5,2,0,3.194
2026-05-07 17:27:53,60,tmokenc,50,119.289,3,3,0,4.086,25,0,50,0,11,6,58,116,5,1,0,94.737,28.205,32.759,38,1,0,36,2,0,0,3.947
2026-05-07 17:27:53,120.82,Dry,43.269,127.319,4,6,0,3.667,24,0,43.269,0,7,14,45,104,2,4,0,77.551,12.727,47.115,49,5,0,38,11,3,1,3.388
2026-05-07 17:27:53,84.92,Swapin,42.241,90.595,2,3,0,4.306,17,0,42.241,0,8,4,49,116,5,1,0,82.857,24.691,30.172,35,6,0,29,6,2,0,3.343
2026-05-07 17:27:53,103.159,Spitzell,41.667,92.744,1,4,0,4.222,17,0,41.667,0,4,14,45,108,2,4,0,100,17.105,29.63,32,2,0,32,0,0,0,4.312
2026-05-07 17:27:53,102.539,sssthnoob,37.5,91.485,3,5,1,4.089,19,0,37.5,0,8,5,45,120,3,3,0,77.273,14.474,36.667,44,6,1,34,10,1,0,3.477
2026-05-07 17:27:53,89.59,Saiki,36.111,126.301,8,4,1,3.513,21,0,36.111,0,9,13,39,108,2,4,0,95.238,21.839,19.444,21,11,0,20,1,1,0,2.429
2026-05-07 17:27:53,100.015,PotassiumF,31.667,85.262,6,5,1,4.079,15,0,31.667,0,7,4,38,120,3,3,0,88.889,15.054,22.5,27,2,0,24,3,2,0,3.259
2026-05-07 17:27:53,92.53,inta,30.769,94.938,7,6,0,3.812,14,0,30.769,0,10,3,32,104,2,4,0,86.207,9.333,27.885,29,4,2,25,4,1,0,3.241
2026-05-07 17:27:53,93.97,xeyz,27.885,48.774,0,6,0,4.621,8,0,27.885,0,2,3,29,104,2,4,0,49.153,0,56.731,59,3,3,29,30,8,0,3.441
2026-05-07 17:27:53,84.29,2skr,27.586,72.799,3,3,2,3.938,15,0,27.586,0,9,2,32,116,5,1,0,88.889,8.989,23.276,27,9,1,24,3,1,0,3.037
2026-05-07 17:27:53,98.396,Catge,25.926,42.622,0,4,1,4.857,7,0,25.926,0,4,1,28,108,2,4,0,95.455,8.14,20.37,22,1,0,21,1,0,0,4.864
2026-05-07 17:27:53,84.603,MythAndroid,21.296,49.224,3,4,1,4.478,8,0,21.296,0,4,5,23,108,2,4,0,55,1.471,37.037,40,5,2,22,18,4,0,3.5
2026-05-07 17:27:53,56.723,brandon_K,20.833,43.255,1,5,0,4.6,9,0,20.833,0,4,3,25,120,3,3,0,95.652,3.093,19.167,23,1,0,22,1,1,0,4.348
2026-05-07 17:27:53,68.842,hubcioskubcio,15.385,41.254,3,6,1,4.062,6,0,15.385,0,4,3,16,104,2,4,0,82.353,2.299,16.346,17,2,0,14,3,0,0,3.765
,,,,,,,,,,,,,,,,,,,,,,,,,,,,,,
2026-05-09 18:47:35,150.33,Diukes,64.748,216.768,9,9,0,3.022,61,0,64.748,0,12,39,90,139,1,5,0,68.919,60,53.237,74,8,8,51,23,8,3,2.554
2026-05-09 18:47:35,106.85,Beokros,59.259,167.509,5,2,0,3.5,37,0,59.259,0,12,14,64,108,5,1,0,85.106,39.344,43.519,47,12,0,40,7,2,1,2.979
2026-05-09 18:47:35,99.45,bamboo,47.287,131.13,6,5,1,3.607,29,0,47.287,0,9,12,61,129,1,5,0,100,33.333,20.93,27,12,0,27,0,0,0,2.963
2026-05-09 18:47:35,115,redeyes,46.512,122.249,7,5,0,3.733,28,0,46.512,0,9,10,60,129,1,5,0,83.673,23.75,37.984,49,6,3,41,8,2,0,3.265
2026-05-09 18:47:35,99.86,Orfey,45.37,128.926,5,2,1,3.51,27,0,45.37,0,11,8,49,108,5,1,0,87.097,28.571,28.704,31,10,1,27,4,1,0,3.323
2026-05-09 18:47:35,90,MaikaSasaki,36.364,110.637,7,8,0,3.312,24,0,36.364,0,11,14,48,132,5,1,0,88.571,17.526,26.515,35,4,0,31,4,0,0,3.229
2026-05-09 18:47:35,70,RyoutaVN,32.407,70.635,2,2,0,4.086,15,0,32.407,0,4,3,35,108,5,1,0,95,18.182,18.519,20,4,0,19,1,1,0,3.7
2026-05-09 18:47:35,95.2,Janoxx,30.303,97.543,2,8,0,3.025,27,0,30.303,0,7,19,40,132,5,1,0,95.833,15.741,18.182,24,7,0,23,1,0,1,2.667
2026-05-09 18:47:35,75,CM02,28.03,80.34,2,8,0,3.378,20,0,28.03,0,9,10,37,132,5,1,0,90.625,8,24.242,32,6,2,29,3,0,1,3.031
2026-05-09 18:47:35,79.54,Catge,26.357,60.936,3,5,0,4.176,11,0,26.357,0,7,2,34,129,1,5,0,83.871,8.163,24.031,31,6,2,26,5,2,0,3.323
2026-05-09 18:47:35,93,FUCK_AMQ,25.758,68.583,2,8,0,3.588,15,0,25.758,0,6,6,34,132,5,1,0,50,12.791,34.848,46,4,0,23,23,5,0,2.913
2026-05-09 18:47:35,77.56,FoopyPoopy,25,51.804,1,2,1,4.259,8,0,25,0,4,3,27,108,5,1,0,81.818,10.465,20.37,22,3,1,18,4,0,0,3.636
2026-05-09 18:47:35,62.12,zomg,23.022,61.241,3,9,1,3.625,16,0,23.022,0,5,4,32,139,1,5,0,83.871,5.556,22.302,31,9,2,26,5,0,0,2.806
2026-05-09 18:47:35,79.97,LordGrond,20.144,43.996,2,9,0,4.071,11,0,20.144,0,2,8,28,139,1,5,0,100,9.756,11.511,16,1,0,16,0,0,0,3.438
2026-05-09 18:47:35,60,hakohoka,10.853,20.873,1,5,0,4.786,4,0,10.853,0,2,1,14,129,1,5,0,100,1.709,9.302,12,2,0,12,0,0,0,4.917
2026-05-09 18:47:35,60,chiabobo,7.914,17.519,0,9,1,4,5,0,7.914,0,1,1,11,139,1,5,0,28.571,0.962,25.18,35,3,2,10,25,5,0,3.029
,,,,,,,,,,,,,,,,,,,,,,,,,,,,,,
2026-05-16 18:27:43,161.2,koroshiya,69.697,228.094,8,5,0,3.652,45,0,69.697,0,13,26,92,132,4,2,0,92.308,55,39.394,52,12,1,48,4,2,1,3.288
2026-05-16 18:27:43,167.379,Diukes,66.176,203.375,4,4,0,3.667,44,0,66.176,0,12,21,90,136,2,3,1,83.636,54.321,40.441,55,7,2,46,9,4,0,3.273
2026-05-16 18:27:43,135,Milar,50,155.269,4,1,0,3.778,24,0,50,0,10,7,54,108,2,3,1,80.769,40.244,24.074,26,5,0,21,5,2,0,2.923
2026-05-16 18:27:43,120,Emdiel,44.697,124.279,6,5,0,4.068,20,0,44.697,0,9,5,59,132,4,2,0,77.083,26.19,36.364,48,8,3,37,11,4,0,3.25
2026-05-16 18:27:43,115,ShelterRin,37.037,107.353,1,1,0,3.925,18,0,37.037,0,6,9,40,108,2,3,1,81.818,25.581,20.37,22,1,0,18,4,0,0,3.045
2026-05-16 18:27:43,93.89,chemist,36.364,112.018,4,4,0,3.875,13,0,36.364,0,7,3,32,88,3,3,0,100,26.316,13.636,12,2,0,12,0,0,1,2.833
2026-05-16 18:27:43,130,cafezinho,35.227,113.237,3,4,0,3.774,14,0,35.227,0,4,12,31,88,3,3,0,78.788,9.091,37.5,33,3,1,26,7,2,1,3.182
2026-05-16 18:27:43,97.61,PotassiumF,34.559,86.918,2,4,0,4.234,13,0,34.559,0,8,3,47,136,2,3,1,97.143,12.871,25.735,35,5,0,34,1,1,0,3.857
2026-05-16 18:27:43,105.69,Orfey,34.259,94.423,1,1,1,3.973,15,0,34.259,0,4,6,37,108,2,3,1,83.333,20.238,22.222,24,2,0,20,4,1,0,3.333
2026-05-16 18:27:43,89.4,2skr,33.088,84.583,1,4,2,4,17,0,33.088,0,4,4,45,136,2,3,1,96.154,18.182,19.118,26,10,0,25,1,0,0,3.654
2026-05-16 18:27:43,108.471,Janoxx,30.682,94.596,1,4,0,3.778,12,0,30.682,0,5,6,27,88,3,3,0,100,18.667,14.773,13,5,0,13,0,0,0,3.308
2026-05-16 18:27:43,77,yashadox,27.941,57.971,0,4,0,4.421,9,0,27.941,0,3,2,38,136,2,3,1,63.889,15,26.471,36,1,0,23,13,3,0,3.833
2026-05-16 18:27:43,77,FurLain,25.926,104.453,6,1,1,3.429,18,0,25.926,0,9,3,28,108,2,3,1,100,6.977,20.37,22,11,0,22,0,0,0,3.136
2026-05-16 18:27:43,100.91,Konsumenci,22.727,62.602,2,4,1,4.1,8,0,22.727,0,3,3,20,88,3,3,0,81.25,9.722,18.182,16,4,1,13,3,1,0,3.062
2026-05-16 18:27:43,75.69,zomg,20.455,54.595,1,5,0,4.185,11,0,20.455,0,6,1,27,132,4,2,0,95.833,3.704,18.182,24,3,0,23,1,0,0,4
2026-05-16 18:27:43,76.228,FoopyPoopy,16.667,36.176,0,5,1,4.545,6,0,16.667,0,2,3,22,132,4,2,0,66.667,5.556,18.182,24,3,2,16,8,1,0,3.333
,,,,,,,,,,,,,,,,,,,,,,,,,,,,,,
2026-05-17 18:37:41,163.168,Diukes,64.671,211.613,6,7,2,3.731,55,0,64.671,0,15,30,108,167,2,2,2,76.19,57.692,37.725,63,8,4,48,15,4,3,3.032
2026-05-17 18:37:41,154.25,kar72,59.854,157.904,3,4,0,4.171,29,0,59.854,0,7,21,82,137,3,3,0,85.366,48.958,29.927,41,6,0,35,6,3,1,3.756
2026-05-17 18:37:41,125,ShiinaMahiru,56.954,129.955,1,9,0,4.407,26,0,56.954,0,4,10,86,151,2,3,1,94.872,43.75,25.828,39,6,1,37,2,0,0,4.128
2026-05-17 18:37:41,123.15,Beokros,52.713,134.024,3,6,0,4.397,22,0,52.713,0,12,7,68,129,3,2,1,92,27.848,38.76,50,5,2,46,4,2,0,3.74
2026-05-17 18:37:41,120,apurplenose,51.938,120.319,3,6,0,4.552,19,0,51.938,0,9,5,67,129,3,2,1,96.774,37.755,24.031,31,4,0,30,1,1,0,4.323
2026-05-17 18:37:41,118.97,redeyes,49.102,124.732,3,7,0,4.293,27,0,49.102,0,10,10,82,167,2,2,2,83.333,32.743,32.335,54,4,2,45,9,1,1,3.852
2026-05-17 18:37:41,132.69,claydoll1091,48.344,127.973,2,9,0,4.247,29,0,48.344,0,6,15,73,151,2,3,1,81.25,39.496,21.192,32,7,2,26,6,1,0,3.188
2026-05-17 18:37:41,107,Mayottatoki,37.984,71.234,0,6,0,4.878,12,0,37.984,0,3,3,49,129,3,2,1,60.465,26.744,33.333,43,4,5,26,17,2,0,3.86
2026-05-17 18:37:41,92,YunnN,36.496,98.407,2,4,0,4.24,18,0,36.496,0,8,8,50,137,3,3,0,100,22.321,18.248,25,5,0,25,0,0,0,3.72
2026-05-17 18:37:41,99.79,Spitzell,35.762,68.903,3,9,0,4.87,8,0,35.762,0,4,0,54,151,2,3,1,91.429,18.966,23.179,35,7,1,32,3,0,1,4.371
2026-05-17 18:37:41,98.96,AnotherWish,33.333,96.219,3,6,1,4.302,18,0,33.333,0,12,3,43,129,3,2,1,77.083,7.407,37.209,48,7,0,37,11,2,0,4.104
2026-05-17 18:37:41,96.77,inta,30.657,82.268,3,4,0,4.333,13,0,30.657,0,6,3,42,137,3,3,0,76.471,15.534,24.818,34,7,1,26,8,1,0,3.471
2026-05-17 18:37:41,106.155,Janoxx,28.467,94.235,4,4,2,3.897,18,0,28.467,0,10,5,39,137,3,3,0,100,16.239,14.599,20,11,0,20,0,0,0,2.6
2026-05-17 18:37:41,91.91,RyoutaVN,25.166,60.26,1,9,3,4.342,12,0,25.166,0,4,1,38,151,2,3,1,93.939,5.932,21.854,33,9,1,31,2,0,0,4.03
2026-05-17 18:37:41,90.05,2skr,20.958,60.353,5,7,4,4.257,12,0,20.958,0,7,4,35,167,2,2,2,88,9.155,14.97,25,11,0,22,3,0,0,3.36
2026-05-17 18:37:41,77.71,zomg,20.359,46.877,0,7,1,4.559,11,0,20.359,0,4,3,34,167,2,2,2,82.857,3.788,20.958,35,9,0,29,6,2,0,4.029
,,,,,,,,,,,,,,,,,,,,,,,,,,,,,,
2026-05-25 18:08:21,132.94,kar72,71.171,173.193,1,2,0,3.987,37,0,71.171,0,10,15,79,111,4,1,0,100,58.974,29.73,33,8,0,33,0,0,0,3.939
2026-05-25 18:08:21,133.583,Diukes,64.103,166.347,3,4,0,3.88,33,0,64.103,0,7,22,75,117,1,4,0,79.07,55.405,36.752,43,6,1,34,9,3,1,3.256
2026-05-25 18:08:21,111.81,claydoll1091,57.658,138.427,3,2,0,4.109,28,0,57.658,0,10,4,64,111,4,1,0,83.333,50.575,21.622,24,5,0,20,4,1,0,3.375
2026-05-25 18:08:21,110,SakurabaRola,57.364,127.209,3,6,0,4.27,26,0,57.364,0,7,9,74,129,3,2,0,79.592,43.75,37.984,49,6,4,39,10,2,1,3.449
2026-05-25 18:08:21,136.57,koroshiya,54.386,151.398,6,5,0,3.79,27,0,54.386,0,10,16,62,114,2,3,0,75,44.872,31.579,36,0,0,27,9,3,5,3.806
2026-05-25 18:08:21,115,Chata,53.704,133.785,4,5,1,4.017,23,0,53.704,0,7,6,58,108,3,2,0,92,42.169,23.148,25,3,0,23,2,0,2,3.68
2026-05-25 18:08:21,109.9,Beokros,51.648,143.189,5,4,0,4.021,21,0,51.648,0,12,11,47,91,2,3,0,83.333,24.49,46.154,42,8,1,35,7,5,0,3.214
2026-05-25 18:08:21,105.85,redeyes,47.222,121.395,3,5,2,3.961,20,0,47.222,0,3,12,51,108,3,2,0,85.106,18.033,43.519,47,9,3,40,7,1,0,3.468
2026-05-25 18:08:21,94.9,chemist,45.736,96.446,2,6,0,4.424,18,0,45.736,0,5,8,59,129,3,2,0,89.655,33,22.481,29,5,0,26,3,0,0,3.793
2026-05-25 18:08:21,103.66,MaikaSasaki,42.982,116.752,4,5,1,3.857,19,0,42.982,0,6,11,49,114,2,3,0,86.842,21.053,33.333,38,3,1,33,5,1,0,3.184
2026-05-25 18:08:21,95,Kirox,41.085,90.418,3,6,1,4.415,18,0,41.085,0,6,6,53,129,3,2,0,82.979,17.073,36.434,47,6,0,39,8,3,0,3.83
2026-05-25 18:08:21,96.77,Orfey,39.64,78.874,0,2,1,4.477,16,0,39.64,0,5,6,44,111,4,1,0,86.667,22.222,27.027,30,4,1,26,4,0,0,4.333
2026-05-25 18:08:21,98.25,Provenance,38.462,76.253,0,4,1,4.543,12,0,38.462,0,7,4,35,91,2,3,0,77.778,12.727,39.56,36,1,0,28,8,2,0,3.75
2026-05-25 18:08:21,86.14,xeyz,35.088,89.646,2,5,0,4,16,0,35.088,0,5,6,40,114,2,3,0,44.048,10,73.684,84,7,4,37,47,8,0,3
2026-05-25 18:08:21,86.44,inta,32.479,66.681,1,4,1,4.421,11,0,32.479,0,3,5,38,117,1,4,0,84,18.478,21.368,25,2,0,21,4,1,1,3.76
2026-05-25 18:08:21,88.83,AnotherWish,32.479,79.74,3,4,0,4.132,15,0,32.479,0,6,4,38,117,1,4,0,82.5,6.494,34.188,40,4,1,33,7,1,0,3.875
2026-05-25 18:08:21,92.107,Janoxx,31.868,71.329,2,4,1,4.483,11,0,31.868,0,7,3,29,91,2,3,0,100,17.333,17.582,16,1,0,16,0,0,0,3.812
2026-05-25 18:08:21,89.45,Saiki,31.481,98.826,4,5,0,3.706,20,0,31.481,0,6,9,34,108,3,2,0,95.455,15.116,20.37,22,8,0,21,1,0,1,3.455
2026-05-25 18:08:21,89.94,Skychael,29.67,50.292,0,4,0,4.963,7,0,29.67,0,4,3,27,91,2,3,0,90.476,11.429,23.077,21,2,0,19,2,0,0,4.667
2026-05-25 18:08:21,90,Gabetin,26.357,47.896,0,6,3,4.676,8,0,26.357,0,1,6,34,129,3,2,0,75,7.527,27.907,36,6,1,27,9,3,0,3.917
2026-05-25 18:08:21,81.84,2skr,23.932,49.332,1,4,0,4.464,9,0,23.932,0,1,3,28,117,1,4,0,87.5,13.861,13.675,16,4,0,14,2,1,0,3.875
2026-05-25 18:08:21,80.16,Unborned,18.519,37.576,2,5,0,4.8,5,0,18.519,0,3,2,20,108,3,2,0,62.963,3.704,25,27,2,0,17,10,1,0,4.222
2026-05-25 18:08:21,49,Nunuchu42,14.414,22.507,0,2,3,5,4,0,14.414,0,0,2,16,111,4,1,0,88.889,0,16.216,18,1,0,16,2,0,0,4.833
2026-05-25 18:08:21,64.02,chiabobo,10.526,22.518,0,5,1,4.417,5,0,10.526,0,0,3,12,114,2,3,0,42.857,3.226,18.421,21,0,2,9,12,0,0,3.333
,,,,,,,,,,,,,,,,,,,,,,,,,,,,,,
2026-05-30 10:30:04,131.756,Diukes,60.584,141.177,6,3,0,4,30,0,60.584,0,9,19,83,137,2,4,0,80.357,46.914,40.876,56,6,1,45,11,3,0,3.768
2026-05-30 10:30:04,105,AitsukiNakuru,51.562,107.567,3,3,0,4.227,20,0,51.562,0,9,6,66,128,4,2,0,81.481,29.73,42.188,54,8,1,44,10,1,0,3.574
2026-05-30 10:30:04,100,mangoss,49.612,132.777,6,5,0,3.781,28,0,49.612,0,14,16,64,129,2,4,0,89.13,27.711,35.659,46,5,1,41,5,1,2,3.283
2026-05-30 10:30:04,106,Lika,48.182,150.895,9,5,0,3.434,28,0,48.182,0,16,12,53,110,4,2,0,92.308,34.524,23.636,26,6,0,24,2,1,2,2.577
2026-05-30 10:30:04,93,Tugia,46.094,102.978,2,3,0,4.136,22,0,46.094,0,8,9,59,128,4,2,0,100,26.596,26.562,34,2,0,34,0,0,1,3.706
2026-05-30 10:30:04,88.42,PotassiumF,41.406,80.037,2,3,0,4.415,15,0,41.406,0,7,2,53,128,4,2,0,94.595,19.78,28.906,37,1,0,35,2,0,0,3.946
2026-05-30 10:30:04,73.97,Sabetin,39.844,77.275,2,3,1,4.392,15,0,39.844,0,5,4,51,128,4,2,0,89.796,8.861,38.281,49,8,0,44,5,1,0,4.184
2026-05-30 10:30:04,85.82,Skychael,38.76,84.411,1,5,1,4.08,18,0,38.76,0,8,9,50,129,2,4,0,89.189,18.478,28.682,37,7,1,33,4,0,0,3.514
2026-05-30 10:30:04,90,Deja_,38.686,78.258,2,3,0,4.321,17,0,38.686,0,6,9,53,137,2,4,0,97.436,15.306,28.467,39,4,0,38,1,1,1,4.103
2026-05-30 10:30:04,105,comfv,35.659,79.829,3,5,0,4.174,17,0,35.659,0,9,6,46,129,2,4,0,88.462,22.33,20.155,26,3,1,23,3,1,0,3.385
2026-05-30 10:30:04,101.63,Pile,32.727,94.194,6,5,1,3.722,16,0,32.727,0,9,7,36,110,4,2,0,67.5,12.857,36.364,40,5,1,27,13,4,1,2.875
2026-05-30 10:30:04,69,Luna,30.657,67.859,4,3,1,4.19,15,0,30.657,0,4,6,42,137,2,4,0,82.759,16.667,21.168,29,7,1,24,5,2,0,3.655
2026-05-30 10:30:04,80,BijouKoseki,29.091,70.817,2,5,0,4.031,12,0,29.091,0,6,6,32,110,4,2,0,73.333,12.5,27.273,30,7,2,22,8,2,0,3
2026-05-30 10:30:04,69,anicomi,22.481,43.69,2,5,1,4.517,8,0,22.481,0,6,2,29,129,2,4,0,60.526,6.593,29.457,38,4,3,23,15,2,1,3.711
2026-05-30 10:30:04,69.26,Raphtelia,20.438,39.273,0,3,2,4.286,8,0,20.438,0,1,3,28,137,2,4,0,95,7.692,14.599,20,3,0,19,1,0,0,4.25
2026-05-30 10:30:04,71.92,zomg,16.364,51.511,4,5,1,3.611,9,0,16.364,0,5,1,18,110,4,2,0,77.778,4.348,16.364,18,4,0,14,4,0,0,2.889
,,,,,,,,,,,,,,,,,,,,,,,,,,,,,,
2026-05-31 22:15:29,129.986,Diukes,70.27,181.599,4,4,0,3.731,38,0,70.27,0,17,14,78,111,3,2,0,87.805,60,36.937,41,6,3,36,5,0,1,3.439
2026-05-31 22:15:29,110,neptune,55.963,114.042,0,3,0,4.066,20,0,55.963,0,2,13,61,109,0,5,0,87.179,38.571,35.78,39,1,1,34,5,3,0,3.821
2026-05-31 22:15:29,105,peeku,54.639,122.349,3,3,0,3.906,14,0,54.639,0,9,5,53,97,3,2,0,87.879,37.5,34.021,33,7,2,29,4,2,0,3.333
2026-05-31 22:15:29,105.87,redeyes,52.294,119.602,5,3,0,4,18,0,52.294,0,7,3,57,109,0,5,0,81.633,28.333,44.954,49,8,1,40,9,3,0,3.469
2026-05-31 22:15:29,99.77,yasashiikumo,48.913,106.01,3,1,0,4.022,11,0,48.913,0,6,3,45,92,3,2,0,86.364,37.143,23.913,22,1,1,19,3,0,1,3.5
2026-05-31 22:15:29,95.74,chaabdu92,48.454,126.683,4,3,0,3.638,18,0,48.454,0,11,5,47,97,3,2,0,94.286,22.581,36.082,35,8,0,33,2,1,0,3.457
2026-05-31 22:15:29,103.31,MaikaSasaki,47.222,105.876,2,5,0,4,21,0,47.222,0,6,9,51,108,3,2,0,79.31,35.443,26.852,29,2,1,23,6,2,1,3.69
2026-05-31 22:15:29,99.31,pomo,44.762,111.672,4,2,0,3.894,18,0,44.762,0,7,12,47,105,3,2,0,75.926,11.765,51.429,54,2,1,41,13,4,0,3.296
2026-05-31 22:15:29,111.02,mangoss,44.762,96.557,2,2,0,4.106,15,0,44.762,0,3,12,47,105,3,2,0,85.714,24.286,33.333,35,2,1,30,5,1,0,3.514
2026-05-31 22:15:29,90.75,jaimeywea,43.478,87.631,2,1,0,4.125,10,0,43.478,0,4,6,40,92,3,2,0,87.879,18.644,35.87,33,4,0,29,4,0,0,3.848
2026-05-31 22:15:29,115,yahallonyanpasu,42.391,140.566,7,1,0,3.179,22,0,42.391,0,10,12,39,92,3,2,0,66.667,35.211,22.826,21,5,1,14,7,2,2,2.381
2026-05-31 22:15:29,100,hmsuis,41.441,81.148,1,4,0,4.326,13,0,41.441,0,6,4,46,111,3,2,0,90.476,30,18.919,21,4,0,19,2,0,0,4.19
2026-05-31 22:15:29,92,liljakatsuragi,37.037,68.911,1,5,0,4.375,9,0,37.037,0,3,4,40,108,3,2,0,78.378,15.493,34.259,37,5,1,29,8,4,0,3.73
2026-05-31 22:15:29,82.428,2skr,34.862,74.355,3,3,0,4.184,11,0,34.862,0,5,4,38,109,0,5,0,100,16.471,22.018,24,6,0,24,0,0,0,3.625
2026-05-31 22:15:29,90.81,comfv,31.481,72.85,2,5,0,3.941,14,0,31.481,0,4,5,34,108,3,2,0,87.5,21.739,14.815,16,3,0,14,2,1,0,3.062
2026-05-31 22:15:29,71.04,FoopyPoopy,30.631,67.446,2,4,1,4.176,11,0,30.631,0,8,3,34,111,3,2,0,100,3.75,27.928,31,6,0,31,0,0,0,4.097
2026-05-31 22:15:29,83,RyoutaVN,28.866,63.906,3,3,0,4.071,8,0,28.866,0,5,3,28,97,3,2,0,100,14.815,16.495,16,3,0,16,0,0,0,3.75
2026-05-31 22:15:29,70,HakuiKoyori,28.704,57.305,1,5,0,4.323,10,0,28.704,0,2,4,31,108,3,2,0,55.882,16.216,31.481,34,4,1,19,15,4,0,3.206
2026-05-31 22:15:29,60,AppuruPai,28.571,66.747,4,2,0,4.1,8,0,28.571,0,6,3,30,105,3,2,0,76.471,5.634,32.381,34,5,2,26,8,3,0,3.529
2026-05-31 22:15:29,72.17,anicomi,23.711,54.13,2,3,0,3.913,7,0,23.711,0,4,2,23,97,3,2,0,56.667,8.955,30.928,30,4,1,17,13,0,0,3.533
2026-05-31 22:15:29,85,psirockin,22.857,60.44,2,2,1,3.833,9,0,22.857,0,6,3,24,105,3,2,0,65.517,6.579,27.619,29,4,0,19,10,1,0,3.172
2026-05-31 22:15:29,55,yonyon,22.523,45.701,1,4,1,4.44,9,0,22.523,0,5,3,25,111,3,2,0,95.833,2.299,21.622,24,6,0,23,1,0,0,4.333
2026-05-31 22:15:29,50,lotte_616,18.478,49.046,1,1,1,3.471,7,0,18.478,0,5,3,17,92,3,2,0,72.727,1.429,23.913,22,7,0,16,6,0,0,3.136
2026-05-31 22:15:29,56.92,Nunuchu42,10.092,34.622,2,3,3,3.182,7,0,10.092,0,2,3,11,109,0,5,0,84.615,0,11.927,13,3,0,11,2,0,0,3.462
,,,,,,,,,,,,,,,,,,,,,,,,,,,,,,
2026-06-04 14:12:44,129.754,Diukes,64.865,209.668,5,4,0,3.292,42,0,64.865,0,16,22,72,111,3,3,0,78.571,56.522,37.838,42,12,1,33,9,6,0,2.833
2026-06-04 14:12:44,102.64,apurplenose,64.43,137.208,3,3,0,4.396,30,0,64.43,0,10,15,96,149,3,3,0,93.182,52.381,29.53,44,4,0,41,3,0,2,4.136
2026-06-04 14:12:44,109.87,ShiinaMahiru,55.034,97.743,1,3,0,4.695,20,0,55.034,0,6,8,82,149,3,3,0,93.939,43.966,22.148,33,6,2,31,2,0,0,4.03
2026-06-04 14:12:44,112.56,claydoll1091,48.148,129.254,5,6,0,3.831,27,0,48.148,0,12,11,65,135,1,5,0,93.103,35.849,21.481,29,5,0,27,2,0,1,3.655
2026-06-04 14:12:44,90.5,Jakemonkey,46.98,82.393,2,3,1,4.814,15,0,46.98,0,8,6,70,149,3,3,0,95,29.358,26.846,40,8,0,38,2,1,0,4.4
2026-06-04 14:12:44,109,miiarad,43.949,89.525,1,5,0,4.362,22,0,43.949,0,6,12,69,157,5,1,0,87.879,32.258,21.019,33,6,1,29,4,1,0,3.697
2026-06-04 14:12:44,96.632,Orfey,41.401,109.927,6,5,3,3.908,27,0,41.401,0,11,11,65,157,5,1,0,76.923,23.81,33.121,52,16,0,40,12,2,0,3.769
2026-06-04 14:12:44,93.15,Kirox,38.854,82.671,1,5,2,4.262,22,0,38.854,0,5,14,61,157,5,1,0,76.364,18.627,35.032,55,9,0,42,13,2,0,4.055
2026-06-04 14:12:44,78.57,Patoche49,37.584,53.745,1,3,1,5.179,8,0,37.584,0,6,1,56,149,3,3,0,91.111,14.423,30.201,45,4,0,41,4,2,0,4.622
2026-06-04 14:12:44,104,MaikaSasaki,35.556,82.966,3,6,0,4.104,17,0,35.556,0,8,7,48,135,1,5,0,75.676,20.408,27.407,37,4,0,28,9,4,3,3.919
2026-06-04 14:12:44,83.06,Sabetin,35.032,78.831,3,5,0,4.273,18,0,35.032,0,6,11,55,157,5,1,0,89.796,10.185,31.21,49,5,2,44,5,0,0,4.102
2026-06-04 14:12:44,90.77,Janoxx,32.432,110.826,3,4,1,3.167,24,0,32.432,0,13,5,36,111,3,3,0,100,20.213,15.315,17,7,0,17,0,0,2,2.529
2026-06-04 14:12:44,93.232,Saiki,26.667,98.405,5,6,3,3.139,26,0,26.667,0,11,12,36,135,1,5,0,89.655,9.434,21.481,29,10,1,26,3,0,1,3.069
2026-06-04 14:12:44,90,OkitaNobu,22.523,57.293,0,4,0,3.8,11,0,22.523,0,5,4,25,111,3,3,0,69.231,8.235,23.423,26,3,1,18,8,2,0,2.885
2026-06-04 14:12:44,71.51,MythAndroid,20.741,41.065,0,6,2,4.357,10,0,20.741,0,3,3,28,135,1,5,0,57.778,2.222,33.333,45,5,2,26,19,4,0,3.756
2026-06-04 14:12:44,71.11,hubcioskubcio,15.315,37.272,0,4,0,4,6,0,15.315,0,3,2,17,111,3,3,0,81.25,4.211,14.414,16,5,1,13,3,1,0,2.875
,,,,,,,,,,,,,,,,,,,,,,,,,,,,,,
2026-06-06 11:50:34,105,asleep,62.308,153.997,5,5,0,3.802,31,0,62.308,0,16,12,81,130,3,3,0,96.875,51.02,24.615,32,2,0,31,1,0,2,3.688
2026-06-06 11:50:34,129.975,Diukes,61.111,200.584,11,9,0,3.156,45,0,61.111,0,15,24,77,126,3,3,0,78.261,51.25,36.508,46,11,3,36,10,1,2,2.478
2026-06-06 11:50:34,112.27,SakurabaRola,54.615,124.221,3,5,0,3.901,28,0,54.615,0,13,10,71,130,3,3,0,72.581,38.235,47.692,62,10,4,45,17,1,0,3.21
2026-06-06 11:50:34,111.8,claydoll1091,54.167,149.177,6,10,0,3.662,32,0,54.167,0,8,21,65,120,2,4,0,80,47.368,20.833,25,10,1,20,5,4,1,2.6
2026-06-06 11:50:34,106.77,AitsukiNakuru,43.284,95.1,2,10,0,4.103,21,0,43.284,0,8,11,58,134,4,2,0,79.661,14.667,44.03,59,3,2,47,12,1,0,3.712
2026-06-06 11:50:34,102.27,Tugia,41.045,106.15,3,10,1,3.782,26,0,41.045,0,11,7,55,134,4,2,0,100,24.038,22.388,30,1,0,30,0,0,1,3.133
2026-06-06 11:50:34,87.73,Skychael,36.567,97.016,6,10,2,3.837,21,0,36.567,0,9,9,49,134,4,2,0,90.909,18.812,24.627,33,7,1,30,3,0,0,3.273
2026-06-06 11:50:34,90,arpia97,34.167,79.559,1,10,0,4,15,0,34.167,0,7,6,41,120,2,4,0,65.217,14.865,38.333,46,5,3,30,16,4,0,3.413
2026-06-06 11:50:34,90.09,PotassiumF,34.167,58.442,1,10,0,4.512,7,0,34.167,0,3,2,41,120,2,4,0,96.552,14.286,24.167,29,3,1,28,1,0,0,4.138
2026-06-06 11:50:34,81.63,Vr0003,33.077,69.48,0,5,0,4.07,16,0,33.077,0,10,4,43,130,3,3,0,85.294,14.583,26.154,34,6,0,29,5,0,0,3.441
2026-06-06 11:50:34,88.67,AnotherWish,32.54,74.365,1,9,0,3.829,16,0,32.54,0,4,7,41,126,3,3,0,84.615,9.195,30.952,39,5,1,33,6,1,0,3.462
2026-06-06 11:50:34,67,anatharax,20.149,34.056,0,10,0,4.704,6,0,20.149,0,4,1,27,134,4,2,0,75.862,4.762,21.642,29,3,1,22,7,2,0,3.897
2026-06-06 11:50:34,85.36,Luna,18.254,43.965,2,9,0,3.913,9,0,18.254,0,5,3,23,126,3,3,0,76.19,6.667,16.667,21,3,0,16,5,1,0,3.143
2026-06-06 11:50:34,56.19,hakohoka,17.692,43.602,2,5,2,3.957,10,0,17.692,0,8,3,23,130,3,3,0,100,4.464,13.846,18,6,0,18,0,0,0,3.889
2026-06-06 11:50:34,71.23,Raphtelia,16.667,40.138,1,10,3,4.05,8,0,16.667,0,6,0,20,120,2,4,0,88.889,3.922,15,18,1,1,16,2,0,0,3.444
2026-06-06 11:50:34,60,MapleSyyrup,14.286,27.462,0,9,0,4.167,6,0,14.286,0,1,1,18,126,3,3,0,39.024,2.353,32.54,41,4,6,16,25,7,0,2.976
,,,,,,,,,,,,,,,,,,,,,,,,,,,,,,
2026-06-08 15:59:22,124,neoburnz,68.056,129.7,1,1,0,4.592,24,0,68.056,0,11,13,98,144,3,2,1,93.651,48.148,43.75,63,4,0,59,4,1,0,4.635
2026-06-08 15:59:22,130.064,Diukes,67.262,167.035,7,5,0,4.044,41,0,67.262,0,15,19,113,168,3,2,1,90,41.026,53.571,90,14,0,81,9,0,0,3.8
2026-06-08 15:59:22,107.72,civiltwlight,62,134.748,5,4,0,4.409,27,0,62,0,10,16,93,150,4,2,0,100,52.101,20.667,31,8,0,31,0,0,0,4.194
2026-06-08 15:59:22,106.86,ShiinaMahiru,60.119,124.858,4,5,0,4.366,27,0,60.119,0,8,13,101,168,3,2,1,100,46.4,25.595,43,6,0,43,0,0,0,4.116
2026-06-08 15:59:22,100.92,MaikaSasaki,50,79.107,1,1,0,5.014,14,0,50,0,6,7,72,144,3,2,1,91.837,28.421,34.028,49,6,0,45,4,0,0,4.837
2026-06-08 15:59:22,106.16,mangoss,49.333,84.365,1,4,1,4.784,17,0,49.333,0,5,9,74,150,4,2,0,86.538,29.592,34.667,52,3,0,45,7,2,0,4.404
2026-06-08 15:59:22,85,Isekaijoucho,43.75,82.754,2,1,3,4.698,15,0,43.75,0,9,7,63,144,3,2,1,69.231,29.348,36.111,52,5,0,36,16,3,1,4.173
2026-06-08 15:59:22,78.62,Patoche49,39.583,66.798,3,1,0,4.965,11,0,39.583,0,8,2,57,144,3,2,1,92.308,20,27.083,39,5,0,36,3,0,0,4.359
2026-06-08 15:59:22,93.86,CM02,38.462,67.142,1,2,0,4.82,14,0,38.462,0,1,14,50,130,1,5,0,90.244,14.607,31.538,41,3,1,37,4,1,0,4.39
2026-06-08 15:59:22,84.96,Sabetin,38,56.713,1,4,2,5.053,8,0,38,0,5,2,57,150,4,2,0,92,11,33.333,50,3,1,46,4,1,0,4.92
2026-06-08 15:59:22,100.23,HaruUrara,36.923,94.398,4,2,0,4.25,21,0,36.923,0,5,10,48,130,1,5,0,93.333,20,23.077,30,7,0,28,2,1,0,3.7
2026-06-08 15:59:22,103,_nadeshiko,36.923,76.747,2,2,1,4.521,15,0,36.923,0,4,9,48,130,1,5,0,95.455,25,16.923,22,5,1,21,1,0,0,3.909
2026-06-08 15:59:22,90.072,Skychael,34.667,69.674,3,4,1,4.712,14,0,34.667,0,8,5,52,150,4,2,0,80.645,22.689,20.667,31,12,3,25,6,1,0,3.452
2026-06-08 15:59:22,91.08,FurLain,30.769,76.61,5,2,1,4.4,13,0,30.769,0,6,6,40,130,1,5,0,96,15.238,19.231,25,7,0,24,1,0,0,3.88
2026-06-08 15:59:22,81.525,2skr,27.381,60.304,2,5,1,4.304,14,0,27.381,0,6,3,46,168,3,2,1,96.429,13.571,16.667,28,9,0,27,1,0,0,3.714
2026-06-08 15:59:22,70,ElJuanchi,25,44.074,1,5,2,4.738,10,0,25,0,4,1,42,168,3,2,1,82.857,9.774,20.833,35,6,0,29,6,0,0,4.514
,,,,,,,,,,,,,,,,,,,,,,,,,,,,,,
2026-06-15 21:04:50,129.375,Diukes,58.741,180.582,9,8,0,3.405,46,0,58.741,0,15,22,84,143,3,3,0,80.392,46.739,35.664,51,7,2,41,10,1,2,2.922
2026-06-15 21:04:50,95.97,cafezinho,54.63,143.075,3,3,0,3.78,28,0,54.63,0,12,11,59,108,6,0,0,82.222,34.921,41.667,45,5,1,37,8,2,0,3.222
2026-06-15 21:04:50,102.1,Tugia,42.373,111.605,5,6,0,3.82,21,0,42.373,0,9,9,50,118,1,5,0,96.774,22.989,26.271,31,6,1,30,1,0,0,2.968
2026-06-15 21:04:50,92.024,Saiki,37.963,117.45,8,3,0,3.61,21,0,37.963,0,13,4,41,108,6,0,0,100,19.277,23.148,25,6,0,25,0,0,0,2.92
2026-06-15 21:04:50,93.02,Kirox,37.762,92.57,2,8,0,3.87,24,0,37.762,0,7,7,54,143,3,3,0,80.392,14.13,35.664,51,4,2,41,10,2,0,3.373
2026-06-15 21:04:50,91.825,Janoxx,35.185,100.017,4,3,0,3.789,18,0,35.185,0,10,6,38,108,6,0,0,100,24.731,13.889,15,7,0,15,0,0,0,2.133
2026-06-15 21:04:50,103.76,chaabdu92,34.783,85.332,2,5,0,3.95,19,0,34.783,0,3,12,40,115,2,4,0,86.667,16.471,26.087,30,5,0,26,4,2,0,3.533
2026-06-15 21:04:50,75.409,Patoche49,34.266,71.271,2,8,0,4.163,14,0,34.266,0,4,9,49,143,3,3,0,96.667,17.699,20.979,30,1,0,29,1,0,1,3.967
2026-06-15 21:04:50,90,JungWheein,33.898,90.15,2,6,0,3.7,19,0,33.898,0,5,9,40,118,1,5,0,95,21.429,16.949,20,1,1,19,1,0,0,3.05
2026-06-15 21:04:50,93.3,Yolowolf75,32.203,76.174,1,6,0,3.947,15,0,32.203,0,4,9,38,118,1,5,0,70.833,5.714,40.678,48,3,1,34,14,3,0,3.396
2026-06-15 21:04:50,91.088,AnotherWish,32.174,96.826,4,5,2,3.514,22,0,32.174,0,6,12,37,115,2,4,0,89.189,5.128,32.174,37,4,0,33,4,1,0,3.514
2026-06-15 21:04:50,85.95,inta,30.556,74.284,4,3,0,4.152,11,0,30.556,0,6,5,33,108,6,0,0,100,14.773,18.519,20,6,0,20,0,0,1,4.05
2026-06-15 21:04:50,87.44,xeyz,27.826,54.383,0,5,0,4.344,10,0,27.826,0,3,7,32,115,2,4,0,43.836,0,63.478,73,6,5,32,41,9,0,3.178
2026-06-15 21:04:50,84,metak,25.217,76.703,5,5,0,3.655,17,0,25.217,0,6,10,29,115,2,4,0,75,9.195,24.348,28,2,1,21,7,1,0,2.857
2026-06-15 21:04:50,81,denero,24.576,52.219,1,6,0,4.172,11,0,24.576,0,4,3,29,118,1,5,0,76.923,9.783,22.034,26,4,0,20,6,3,0,3.577
2026-06-15 21:04:50,68.39,MapleSyyrup,14.685,33.19,0,8,2,4,9,0,14.685,0,5,1,21,143,3,3,0,34.615,3.297,36.364,52,5,3,18,34,2,0,3.404
,,,,,,,,,,,,,,,,,,,,,,,,,,,,,,
2026-06-21 18:07:35,133.029,kar72,77.841,180.707,4,2,0,4.139,45,0,77.841,0,8,39,137,176,3,3,0,90.385,72.581,29.545,52,9,2,47,5,1,1,4.019
2026-06-21 18:07:35,128.785,Diukes,68.504,197.246,7,0,1,3.667,39,0,68.504,0,13,26,87,127,3,3,0,89.091,52.778,43.307,55,7,0,49,6,1,3,3.545
2026-06-21 18:07:35,120,konomi,58.389,151.397,5,3,0,3.908,35,0,58.389,0,9,20,87,149,5,1,0,87.143,32.911,46.98,70,9,0,61,9,5,2,3.757
2026-06-21 18:07:35,109.88,Beokros,52.113,103.912,3,3,0,4.541,18,0,52.113,0,5,13,74,142,1,5,0,82.222,38.144,31.69,45,6,0,37,8,2,0,3.978
2026-06-21 18:07:35,103.07,bamboo,50,99.172,3,3,0,4.592,18,0,50,0,6,7,71,142,1,5,0,100,34.259,23.944,34,5,0,34,0,0,0,4.176
2026-06-21 18:07:35,102.35,Tugia,47.727,87.87,2,2,1,4.607,18,0,47.727,0,4,8,84,176,3,3,0,100,25.203,30.114,53,7,0,53,0,0,0,4.377
2026-06-21 18:07:35,98.71,Orfey,41.732,95.995,1,0,0,4.151,19,0,41.732,0,6,8,53,127,3,3,0,77.778,27.473,28.346,36,5,0,28,8,0,0,3.972
2026-06-21 18:07:35,96,antispiral,40,50.885,0,1,0,5.25,3,0,40,0,1,1,28,70,0,2,0,83.333,17.391,34.286,24,1,0,20,4,0,0,4.958
2026-06-21 18:07:35,89.7,Skychael,38.926,103.766,5,3,1,3.948,22,0,38.926,0,8,13,58,149,5,1,0,85.366,21.296,27.517,41,11,1,35,6,1,0,3.488
2026-06-21 18:07:35,88.69,PotassiumF,38.068,55.771,0,2,0,4.91,9,0,38.068,0,3,0,67,176,3,3,0,92.308,15.323,29.545,52,5,0,48,4,0,0,4.654
2026-06-21 18:07:35,92.12,Jakemonkey,37.5,79.817,0,0,0,4.222,3,0,37.5,0,0,1,9,24,0,1,0,100,25,16.667,4,0,0,4,0,0,0,4.5
2026-06-21 18:07:35,95.82,Provenance,34.646,83.137,2,0,0,4.114,16,0,34.646,0,9,2,44,127,3,3,0,78.049,13.953,32.283,41,6,0,32,9,0,0,3.537
2026-06-21 18:07:35,86.82,FurLain,33.099,90.21,2,3,2,3.979,21,0,33.099,0,5,13,47,142,1,5,0,93.939,14.679,23.239,33,9,0,31,2,0,0,3.758
2026-06-21 18:07:35,100.17,chaabdu92,32.886,83.809,4,3,0,4.061,18,0,32.886,0,8,6,49,149,5,1,0,87.097,18.644,20.805,31,5,2,27,4,1,1,3.226
2026-06-21 18:07:35,85.89,BijouKoseki,32.886,76.926,3,3,1,4.224,14,0,32.886,0,8,4,49,149,5,1,0,79.545,13.333,29.53,44,7,1,35,9,2,0,3.568
2026-06-21 18:07:35,94.42,Kirox,22.917,41.327,0,2,1,4.636,3,0,22.917,0,0,1,11,48,1,2,0,71.429,14.634,14.583,7,1,0,5,2,2,0,3
2026-06-21 18:07:35,73.22,zomg,22.835,44.596,1,0,1,4.483,5,0,22.835,0,4,2,29,127,3,3,0,79.167,9.709,18.898,24,4,0,19,5,1,0,3.875
2026-06-21 18:07:35,71.67,Raphtelia,17.045,31.775,1,2,3,4.633,8,0,17.045,0,2,1,30,176,3,3,0,100,5.195,12.5,22,2,0,22,0,0,0,4.273
,,,,,,,,,,,,,,,,,,,,,,,,,,,,,,
2026-06-24 03:32:35,128.6,Diukes,64.828,194.886,9,6,0,3.628,49,0,64.828,0,17,25,94,145,5,1,0,79.167,57.732,33.103,48,8,0,38,10,2,2,3.583
2026-06-24 03:32:35,113.191,claydoll1091,51.493,134.452,3,2,0,3.783,31,0,51.493,0,6,19,69,134,3,3,0,84.615,43.519,19.403,26,6,0,22,4,1,0,3.154
2026-06-24 03:32:35,111,JuliAless64,47.788,110.679,1,0,0,3.963,21,0,47.788,0,2,11,54,113,1,5,0,90.244,23.611,36.283,41,1,0,37,4,2,0,3.78
2026-06-24 03:32:35,109.19,ShiinaMahiru,47.015,131.261,3,2,0,3.667,31,0,47.015,0,10,12,63,134,3,3,0,96,35.78,18.657,25,4,0,24,1,0,0,3.16
2026-06-24 03:32:35,111.44,Milar,44.828,121.584,0,4,0,3.615,30,0,44.828,0,8,11,52,116,3,3,0,88.235,26.829,29.31,34,3,2,30,4,0,0,2.882
2026-06-24 03:32:35,98.537,Orfey,42.759,103.014,5,6,0,4.145,23,0,42.759,0,9,4,62,145,5,1,0,76.087,27.273,31.724,46,9,1,35,11,0,2,3.652
2026-06-24 03:32:35,108.5,Beokros,41.593,93.571,2,0,0,4.149,16,0,41.593,0,2,12,47,113,1,5,0,85,17.808,35.398,40,2,0,34,6,0,0,3.825
2026-06-24 03:32:35,101.12,Tugia,35.345,112.583,4,4,0,3.463,25,0,35.345,0,7,13,41,116,3,3,0,100,14.773,24.138,28,4,0,28,0,0,0,3.179
2026-06-24 03:32:35,85.55,Vr0003,34.483,79.015,3,6,0,4.28,18,0,34.483,0,5,6,50,145,5,1,0,71.429,15.625,33.793,49,11,2,35,14,2,0,3.51
2026-06-24 03:32:35,94.42,Kirox,30.597,76.791,4,2,0,4.024,15,0,30.597,0,5,9,41,134,3,3,0,78.723,4.598,35.075,47,6,0,37,10,0,0,3.809
2026-06-24 03:32:35,91.059,AnotherWish,30.088,78.122,2,0,0,3.941,12,0,30.088,0,4,6,34,113,1,5,0,81.579,4,33.628,38,2,0,31,7,1,0,3.947
2026-06-24 03:32:35,93.214,Janoxx,29.31,95.972,3,4,0,3.412,23,0,29.31,0,9,6,34,116,3,3,0,100,14.583,17.241,20,6,0,20,0,0,0,2.7
2026-06-24 03:32:35,81.72,2skr,26.724,93.208,3,4,2,3.194,20,0,26.724,0,8,7,31,116,3,3,0,88,9.89,21.552,25,11,2,22,3,1,0,2.28
2026-06-24 03:32:35,77.03,anicomi,26.549,55.483,0,0,0,4.2,11,0,26.549,0,1,2,30,113,1,5,0,72.222,5.195,31.858,36,2,0,26,10,1,0,3.806
2026-06-24 03:32:35,74.476,zomg,22.759,44.462,0,6,1,4.485,10,0,22.759,0,3,3,33,145,5,1,0,89.286,6.838,19.31,28,7,1,25,3,0,0,4.107
2026-06-24 03:32:35,69.96,Raphtelia,14.925,51.689,2,2,1,3.2,12,0,14.925,0,6,3,20,134,3,3,0,100,0.87,14.179,19,7,0,19,0,0,0,3.105
,,,,,,,,,,,,,,,,,,,,,,,,,,,,,,
2026-07-01 17:39:15,129.343,Diukes,64.615,198.152,5,3,0,3.429,47,0,64.615,0,15,22,84,130,1,5,0,80,53.333,42.308,55,4,2,44,11,3,2,3.182
2026-07-01 17:39:15,109.4,Progenitor,54.61,121.862,2,7,0,4.195,32,0,54.61,0,11,6,77,141,6,0,0,94.737,27.381,40.426,57,6,1,54,3,1,0,3.982
2026-07-01 17:39:15,105.354,Beokros,48.855,136.535,9,5,0,3.984,27,0,48.855,0,12,16,64,131,2,4,0,91.304,25.882,35.115,46,10,0,42,4,3,1,3.478
2026-07-01 17:39:15,106.31,Dry,46.212,133.733,5,5,1,3.672,29,0,46.212,0,15,13,61,132,3,3,0,88.462,18.75,39.394,52,4,0,46,6,1,0,3.808
2026-07-01 17:39:15,106.1,cafezinho,43.182,99.342,3,5,0,4.14,23,0,43.182,0,8,13,57,132,3,3,0,76.364,19.481,41.667,55,9,2,42,13,3,0,3.218
2026-07-01 17:39:15,87,fiftypercentweeb,42.553,97.979,4,7,0,4.25,23,0,42.553,0,12,4,60,141,6,0,0,95.122,21,29.078,41,5,0,39,2,1,0,3.951
2026-07-01 17:39:15,101.11,tapumomo,40.458,101.938,3,5,0,4.189,26,0,40.458,0,10,8,53,131,2,4,0,93.333,24.752,22.901,30,9,1,28,2,0,0,3.433
2026-07-01 17:39:15,83.97,Sabetin,39.007,77.452,3,7,0,4.491,18,0,39.007,0,8,2,55,141,6,0,0,89.583,12.903,34.043,48,1,0,43,5,1,2,4.333
2026-07-01 17:39:15,99.705,Orfey,35.461,79.839,3,7,1,4.34,19,0,35.461,0,6,9,50,141,6,0,0,72.973,22.115,26.241,37,5,2,27,10,2,0,3.676
2026-07-01 17:39:15,91.969,Skychael,31.818,76.829,3,5,0,4.167,15,0,31.818,0,4,8,42,132,3,3,0,96.552,13.592,21.97,29,7,1,28,1,0,0,3.793
2026-07-01 17:39:15,93.572,Janoxx,30,74.09,0,3,0,3.872,19,0,30,0,5,6,39,130,1,5,0,100,14.953,17.692,23,3,0,23,0,0,0,3.304
2026-07-01 17:39:15,87,I_dont_like_loli,29.008,60.366,2,5,0,4.658,12,0,29.008,0,7,6,38,131,2,4,0,77.143,11.458,26.718,35,1,0,27,8,1,1,4.2
2026-07-01 17:39:15,75.701,zomg,27.273,61.152,1,5,1,4.278,11,0,27.273,0,7,4,36,132,3,3,0,89.655,9.709,21.97,29,9,0,26,3,0,0,3.517
2026-07-01 17:39:15,86.39,Vr0003,25.954,59.218,1,5,5,4.265,15,0,25.954,0,4,6,34,131,2,4,0,67.857,14.563,21.374,28,6,2,19,9,1,0,3.464
2026-07-01 17:39:15,83.2,2skr,21.538,63.682,4,3,1,3.786,12,0,21.538,0,7,2,28,130,1,5,0,95,8.182,15.385,20,8,1,19,1,0,0,2.9
2026-07-01 17:39:15,73.181,FoopyPoopy,19.231,44.077,1,3,1,4.16,10,0,19.231,0,3,4,25,130,1,5,0,87.5,3.774,18.462,24,3,1,21,3,1,0,3.417
,,,,,,,,,,,,,,,,,,,,,,,,,,,,,,
2026-07-04 10:29:14,118.42,konomi,53.191,133.999,1,1,0,3.6,13,0,53.191,0,2,6,25,47,1,2,0,72.727,36,46.809,22,1,1,16,6,3,0,2.955
2026-07-04 10:29:14,97.19,HaruUrara,51.064,156.811,2,1,0,3.292,14,0,51.064,0,4,6,24,47,2,1,0,100,32.353,27.66,13,3,0,13,0,0,0,3.231
2026-07-04 10:29:14,84.03,chommy,29.787,107.699,3,1,0,3,9,0,29.787,0,5,1,14,47,2,1,0,100,13.158,19.149,9,5,0,9,0,0,0,2.444
2026-07-04 10:29:14,91.388,Skychael,29.787,98.351,2,1,0,3.286,7,0,29.787,0,4,2,14,47,1,2,0,88.889,15.789,19.149,9,0,0,8,1,1,0,2
2026-07-04 10:29:14,100.97,Tugia,25.532,81.587,1,1,0,3.167,7,0,25.532,0,4,2,12,47,2,1,0,100,16.667,10.638,5,1,0,5,0,0,1,3.2
2026-07-04 10:29:14,82,uy5gf,25.532,89.144,1,1,0,3,9,0,25.532,0,5,2,12,47,1,2,0,58.824,6.667,36.17,17,2,0,10,7,1,0,2.588
2026-07-04 10:29:14,86.96,Swapin,25.532,70.369,1,1,0,3.583,5,0,25.532,0,2,2,12,47,2,1,0,88.889,10.526,19.149,9,0,0,8,1,0,0,3.556
2026-07-04 10:29:14,77.458,Patoche49,21.277,50.982,0,1,0,3.7,5,0,21.277,0,2,0,10,47,1,2,0,88.889,5.263,19.149,9,2,0,8,1,0,0,3.889
