Player ID,Timestamp,Rank,Player name,Guess rate,Usefulness,erigs,0/8s,7/8s,avg/8,# 3/8s or below,OP guess rate,ED guess rate,IN guess rate,Lives taken,Lives saved,Total hit,Total songs,WIN,LOSE,TIE,Onlist,Offlist,Rig %,Rigs,Solo rigs,Missed solos,Rigs hit,Rigs missed,Lives lost on rigs,Offlist erigs,avg/8 of your rigs,Offlist hit
4,2026-03-26 17:04:19,17.901,watashiii,54.369,23.973,11,6,0,3.119,36,70,53.488,47.368,19,19,56,125,13,10,0,67.273,39.583,53.398,58,9,7,37,25,10,2,2.327,19
7,2026-01-02 19:30:28,18.295,Stunar,48.361,18.178,8,17,0,3.373,38,54.167,48.649,45.902,17,10,59,122,6,0,0,79.487,33.735,31.967,39,13,6,31,8,0,0,2.667,28
12,2026-03-07 08:42:40,16.474,KaoriMaeda,44.0,17.047,6,20,0,3.545,32,53.571,39.344,44.262,11,12,66,150,8,3,0,70.69,27.419,38.667,58,5,5,41,17,3,2,2.759,25
20,2026-02-07 20:15:05,12.008,kar72,34.444,13.259,8,19,0,3.0,20,31.25,41.304,25,10,9,31,90,3,3,0,58.065,22.034,34.444,31,4,4,18,13,6,0,1.742,13
21,2026-03-26 17:04:19,16.318,PoolNoodle,53.704,18.785,7,9,0,3.564,39,61.538,52.174,57.143,14,17,58,108,5,6,0,93.75,48.864,14.815,16,4,2,15,3,1,4,2.6,43
26,2026-03-07 08:42:40,12.0,asleep,28.455,7.576,1,17,0,4.4,9,27.273,33.333,24.528,3,6,35,123,3,3,0,65.217,20,18.699,23,4,3,15,8,3,1,3.087,20
28,2026-03-12 17:29:54,17.277,FORTNAYT,55.118,18.891,8,21,0,3.694,45,68.182,65.625,39.583,14,23,70,132,8,10,0,87.097,47.872,28.03,37,10,7,28,9,1,4,3.161,45
33,2026-01-30 15:47:47,15.0,Tsui,50.588,16.981,6,9,0,3.419,28,58.333,38.889,62.857,11,13,43,102,6,5,0,77.273,41.27,27.451,28,6,5,17,14,1,4,3.409,27
34,2026-03-07 08:42:40,18.0,YuriMeguri,36.667,12.589,3,16,0,3.782,26,46.429,42.623,26.23,5,15,55,150,6,0,0,51.562,25.581,42.667,64,5,6,33,31,5,0,2.672,22
47,2026-03-07 08:42:40,13.0,Renzou,26.389,10.479,5,24,0,3.658,17,28.125,19.231,31.667,8,8,38,144,1,5,0,50,14.583,33.333,48,9,9,24,24,2,0,2.25,14
51,2026-01-11 00:25:47,13.0,Chata,26.667,11.921,6,9,0,2.562,11,35.714,25,22.727,6,3,16,60,2,3,0,46.154,11.765,43.333,26,10,5,12,14,6,0,1.923,4
53,2026-03-26 17:04:19,11.309,YoshiApelao,21.488,8.03,4,18,0,3.423,15,33.333,18.182,20,6,7,26,121,5,1,0,70.833,9.278,19.835,24,7,3,17,7,2,0,3.0,9
58,2026-06-01 17:54:10,13.361,Lika,30.556,10.551,15,30,0,3.5,27,47.368,21.951,36.364,20,5,33,108,9,3,0,76.923,15.854,24.074,26,15,5,20,6,0,1,2.571,13
59,2026-01-08 15:39:44,15.538,neoburnz,43.86,13.963,4,15,0,3.54,28,63.636,34.091,43.75,9,17,50,114,2,4,0,81.081,25.974,32.456,37,6,1,30,7,1,1,3.595,20
70,2026-01-30 15:47:47,10.723,MahiruShiina,25.882,7.505,2,20,1,3.636,12,25,29.412,22.857,4,2,22,85,2,3,0,43.75,2.703,56.471,48,7,10,21,27,7,0,2.208,1
77,2026-03-12 17:29:54,15.343,neptune,41.121,15.947,8,24,0,3.953,29,8.333,45,57.143,13,12,48,144,10,12,0,74.359,22.059,40.26,49,10,7,32,20,5,1,2.841,19
82,2026-03-26 17:04:19,13.943,ShiinaMahiru,44.898,15.613,6,18,0,3.75,30,45,56.098,42.222,9,13,53,121,7,5,0,80.645,29.762,31.633,37,11,3,28,9,3,0,3.161,25
98,2026-02-07 20:15:05,12.987,Comete,23.404,5.728,2,17,1,4.182,8,23.529,25,21.951,2,4,22,94,3,3,0,46.512,3.922,45.745,43,1,5,20,23,7,0,2.93,2
121,2026-02-07 20:15:05,8.972,Janoxx,16.883,8.823,6,19,3,3.214,9,33.333,8.108,9.091,7,4,14,122,14,9,0,76.923,6.41,9.836,13,10,3,10,4,1,0,1.833,5
129,2026-01-11 00:25:47,13.0,peeku,35.106,12.196,4,14,1,3.121,20,42.857,34.211,31.429,8,8,33,94,3,2,0,72.414,18.462,30.851,29,9,1,21,8,1,1,2.759,12
133,2026-04-24 11:23:13,10.0,ChrisLefko,21.818,7.486,3,29,0,3.895,8,55,9.524,4.348,7,5,24,125,2,16,0,29.545,9.756,40,44,7,11,13,32,9,0,2.814,11
134,2026-03-07 08:42:40,15.672,Jakemonkey,23.2,10.465,6,15,0,3.31,16,40,16.327,23.214,8,4,29,125,2,4,0,67.857,10.309,22.4,28,8,3,19,9,3,2,2.5,10
139,2026-01-30 15:47:47,7.512,benevelante,15.888,4.422,2,23,0,3.941,8,27.273,20,10.714,3,1,17,107,1,4,0,50,6.024,22.43,24,5,4,12,12,2,0,2.333,5
143,2026-01-08 15:39:44,10.5,mahzrunner,29.592,7.528,1,10,0,4.034,12,35,29.268,27.027,3,4,29,98,2,4,0,50,16.667,38.776,38,1,3,19,19,6,0,3.053,10
144,2026-01-11 00:25:47,12.0,liljakatsuragi,30.556,8.551,2,23,0,3.636,20,46.154,19.565,36.735,9,3,33,108,4,1,0,59.091,10.938,40.741,44,7,9,26,18,3,0,2.455,7
146,2026-01-22 15:56:12,14.682,tapumomo,31.818,10.612,5,14,0,3.714,18,35,38,22.5,9,4,35,110,2,4,0,68.75,16.667,29.091,32,7,2,22,10,3,1,2.969,13
149,2026-03-26 17:04:19,9.5,Zozo,33.01,10.7,3,17,0,4.241,9,22.727,32.558,39.474,6,10,34,123,7,5,0,63.636,8.889,26.829,33,8,5,21,12,4,0,3.182,17
150,2026-02-07 16:31:37,8.213,Bommie,22.826,4.909,1,12,0,4.19,7,16.667,12.5,35,3,4,21,92,2,4,0,46.512,2.041,46.739,43,6,6,20,23,5,0,2.767,1
155,2026-01-11 00:25:47,3.879,Unborned,11.111,3.104,0,6,1,3.667,5,9.524,6.061,18.519,0,3,9,81,1,4,0,29.63,1.852,33.333,27,4,1,8,19,1,0,2.741,1
159,2026-06-01 17:54:10,9.337,legrandort,34.568,11.189,5,9,1,4.417,6,40.909,36.364,38,12,20,39,125,32,32,0,95,9.333,33.028,36,7,5,28,10,3,1,4.278,11
171,2026-06-01 17:54:10,8.977,JustAWeirdo,22.581,7.11,5,6,0,3.625,8,9.091,20,26.087,7,6,28,124,16,18,0,73.684,6.452,25,31,13,6,22,11,3,1,3.0,6
172,2026-04-24 11:23:13,5.855,oolli,27.523,6.116,5,26,0,2.933,18,15,39.13,20.93,9,3,30,109,3,3,0,54.902,3.448,46.789,51,8,8,28,23,5,0,2.216,2
176,2026-06-01 17:54:10,9.666,Spitzell,34.234,9.955,3,9,1,4.154,9,50,33.333,27.778,8,8,38,111,11,18,0,69.767,8.108,38.739,43,5,5,30,14,6,1,3.276,9
191,2026-03-07 08:42:40,10.5,redeyes,16.667,4.874,2,24,1,4.292,7,12.5,23.077,13.333,3,2,24,144,1,5,0,37.736,4.396,36.806,53,1,3,20,33,6,0,2.981,4
205,2026-06-01 17:54:10,10.0,TBDhater,26.882,9.364,5,23,0,3.44,15,17.647,32.353,26.19,10,5,25,93,4,2,0,52.941,11.864,36.559,34,1,9,18,16,2,0,1.971,7
221,2026-01-08 15:39:44,15.039,Neumann,40.0,16.119,9,19,0,3.483,37,48,33.929,42.593,15,19,54,135,4,8,0,85.106,6.849,34.815,47,11,3,40,8,3,2,2.625,14
238,2026-03-12 17:29:54,12.685,Progenitor,44.037,13.975,4,9,1,3.625,24,50,58.14,39.583,7,14,48,109,8,3,0,76.596,19.355,44,47,6,6,36,13,5,0,3.085,12
247,2026-06-01 17:54:10,12.02,Shadow,35.78,10.709,6,26,2,3.821,31,9.524,30.435,44.186,12,8,39,121,19,16,0,80.952,9.524,40.367,44,7,9,34,15,4,1,3.286,10
259,2026-06-01 17:54:10,7.955,Patoche49,31.532,9.484,9,9,1,4.371,9,29.412,36.364,46.154,12,7,38,127,20,27,0,93.333,9.195,32.584,35,10,6,28,9,4,1,3.852,13
268,2026-01-30 15:47:47,12.813,civiltwlight,44.144,12.279,3,17,0,3.857,24,68.75,50,29.268,8,7,49,111,4,7,0,83.333,36.559,27.619,29,8,10,15,15,4,0,2.667,34
269,2026-06-01 17:54:10,4.407,icefeed2,25.472,6.868,6,25,0,4.647,5,33.333,8.824,28.261,9,9,27,132,19,16,0,69.231,8.696,36.792,39,8,6,19,20,3,1,3.65,8
274,2026-03-12 17:29:54,14.0,Mami,36.036,13.573,10,23,1,3.35,25,42.857,37.931,30.769,12,15,40,125,3,8,0,68,26.744,22.523,28,10,4,17,13,3,1,2.36,24
277,2026-01-08 15:39:44,9.787,chemist,19.008,6.43,4,16,0,3.696,13,15.789,20,19.149,5,5,23,121,5,1,0,73.333,11.321,12.397,15,6,2,11,4,0,0,2.533,12
289,2026-01-11 00:25:47,13.647,Provenance,33.333,11.937,5,13,0,3.222,17,50,36.111,25.714,6,11,27,81,2,3,0,69.231,16.364,32.099,26,4,3,18,8,1,1,2.154,9
291,2026-04-24 11:23:13,11.0,ss_r_white_pony,33.613,11.549,7,29,0,3.575,23,33.333,28.333,41.463,11,11,40,119,2,10,0,80,15,32.773,39,7,5,28,11,3,1,2.59,12
307,2026-01-11 00:25:47,15.109,kaededayo,35.065,13.828,3,15,0,2.778,22,16.667,32.432,46.429,10,6,27,77,4,1,0,80.769,11.765,33.766,26,2,3,21,5,0,0,2.346,6
317,2026-01-11 00:25:47,8.5,Hyo,11.905,6.263,3,12,0,1.9,10,9.524,12.5,12.903,5,4,10,84,1,4,0,29.412,7.463,20.238,17,5,1,5,12,4,1,2.0,5
318,2026-01-22 15:56:12,15.0,Nephirea,48.182,15.504,6,21,0,3.85,27,40,46,55,11,12,60,144,4,13,0,96.552,30.864,26.364,37,5,1,34,3,0,3,3.568,26
322,2026-06-01 17:54:10,11.652,Catge,29.73,10.123,6,9,1,4.364,9,41.667,30.435,43.59,9,4,40,150,35,23,0,86.364,8.75,27.957,41,8,3,29,12,3,1,3.87,11
330,2026-01-22 15:56:12,11.0,_nadeshiko,21.368,9.4,5,13,0,2.96,18,42.857,21.818,9.756,8,8,25,117,2,4,0,81.25,11.881,13.675,16,8,1,13,3,0,1,2.312,12
334,2026-01-08 15:39:44,3.723,2skr,11.852,2.966,1,19,0,4.312,6,8,7.143,18.519,3,2,16,135,3,3,0,38.095,7.018,15.556,21,6,6,8,13,3,0,2.048,8
335,2026-06-01 17:54:10,1.449,xeyz,7.407,0.993,1,30,3,6.0,1,10,9.756,6.25,1,0,7,127,6,11,0,9.259,3.704,66.667,82,9,21,6,78,13,0,2.61,1
343,2026-06-01 17:54:10,9.389,inta,24.468,7.371,5,26,1,3.652,13,33.333,31.579,13.333,7,4,23,99,5,6,0,68.182,8.974,23.404,22,5,3,15,7,1,4,2.857,8
348,2026-03-07 08:42:40,12.824,Heleos,23.457,10.103,6,9,1,4.143,9,37.5,21.053,24.528,7,5,28,123,10,7,0,66.667,8.333,36.667,36,10,4,23,13,8,1,3.25,5
351,2026-01-08 15:39:44,14.993,kabigon,40.0,15.186,6,19,0,3.111,36,40,48.214,31.481,13,18,54,135,3,3,0,100,18.182,26.667,36,10,0,36,0,0,0,2.972,18
356,2026-01-30 15:47:47,6.163,Isekaijoucho,13.084,4.015,0,23,0,3.714,8,18.182,12.5,12.5,2,6,14,107,1,4,0,30.769,2.941,36.449,39,3,6,12,27,6,0,2.359,2
357,2026-01-30 15:47:47,11.182,chommy,28.235,11.455,5,9,0,3.708,16,37.5,25,34.286,9,5,24,102,10,7,0,90.476,9.756,24.706,21,7,3,19,5,1,0,3.095,8
358,2026-06-01 17:54:10,15.606,mangoss,34.483,14.261,6,30,1,4.17,23,50,37.143,43.137,13,18,47,144,15,14,0,66.667,17.143,40.278,58,8,9,33,25,4,2,3.0,14
368,2026-03-26 17:04:19,8.0,arpia97,14.286,3.725,2,22,0,4.294,6,11.111,21.667,4.878,3,2,17,119,2,4,0,35.897,3.75,32.773,39,5,8,14,25,4,0,2.564,3
376,2026-03-12 17:29:54,12.464,qwecocacola,42.202,13.213,8,9,0,3.806,30,44.444,40,45.833,11,19,46,127,10,8,0,90.625,6.818,30.709,39,6,4,30,9,3,2,3.128,17
379,2026-03-12 17:29:54,13.756,CipherKai,46.721,15.611,3,24,0,3.828,34,50,50,54.098,13,21,58,144,14,10,0,73.134,21.154,54.918,67,6,7,49,20,5,0,3.015,14
382,2026-01-11 00:25:47,8.0,Shiku,16.667,4.942,1,12,0,3.357,8,28.571,9.375,16.129,3,2,14,84,1,4,0,44.444,3.509,32.143,27,4,5,12,15,3,1,2.333,2
394,2026-02-07 16:31:37,12.5,Komari,32.727,12.079,10,15,0,3.231,25,30,38.889,41.667,13,7,36,110,6,5,0,54.545,21.875,41.818,46,6,6,22,24,5,5,2.424,14
395,2026-01-11 00:25:47,3.775,LordGrond,11.667,3.094,0,9,0,3.714,4,14.286,4.167,18.182,0,2,7,60,2,3,0,60,2,16.667,10,0,0,6,4,2,0,2.8,1
399,2026-02-07 16:31:37,3.744,ElJuanchi,22.826,6.115,3,21,1,4.625,6,9.091,5.405,30,5,3,24,144,7,10,0,71.429,5.882,6.494,28,3,1,20,8,2,1,4.071,4
401,2026-03-12 17:29:54,6.487,Spartric,24.49,5.946,3,9,1,4.25,7,55,25.581,16.216,4,1,24,109,6,6,0,40.476,4.478,42.857,42,2,4,17,25,4,0,3.119,7
403,2026-06-01 17:54:10,13.937,AnnaYanami,40.496,14.771,9,9,1,3.974,28,50,42.105,40.426,12,17,49,121,26,20,0,96,23.881,27.174,30,8,2,28,5,1,1,3.154,21
404,2026-03-12 17:29:54,3.018,anatharax,23.529,5.928,2,14,0,3.917,10,12.5,20,30.435,7,3,24,102,4,2,0,57.895,3.125,37.255,38,7,5,22,16,0,0,2.763,2
405,2026-04-24 11:23:13,9.666,anicomi,20.0,5.851,4,20,1,3.692,6,30,7.317,7.5,7,5,22,110,13,10,0,50,6.757,32.727,36,5,6,17,19,4,1,2.619,5
410,2026-03-07 08:42:40,6.206,FoopyPoopy,14.815,6.569,3,9,1,3.167,9,30,3.846,7.407,6,2,16,125,10,7,0,63.158,2.222,28,35,7,2,14,21,3,0,2.6,2
413,2026-06-01 17:54:10,10.647,zokie,34.043,10.523,7,21,1,4.098,19,47.619,33.333,33.333,10,8,41,144,20,15,0,86.207,9.091,38.202,38,11,10,26,13,4,1,3.448,15
416,2026-01-08 15:39:44,8.0,OkitaNobu,14.815,5.29,4,19,0,3.6,11,16,12.5,16.667,8,1,20,135,3,3,0,32.203,1.316,43.704,59,10,7,19,40,5,0,2.576,1
419,2026-03-12 17:29:54,6.246,keysha18,31.333,13.596,7,23,2,4.346,8,7.692,27.869,33.333,13,6,47,150,22,18,0,82.927,9.211,33.333,41,7,5,34,16,3,1,3.409,13
437,2026-01-11 00:25:47,8.139,Loomi,9.524,5.116,3,12,0,1.875,8,14.286,9.375,6.452,5,1,8,84,1,4,0,37.5,2.941,19.048,16,7,2,6,10,3,0,1.688,2
438,2026-01-11 00:25:47,9.458,TypoNoob,18.333,6.488,3,9,0,3.182,6,21.429,20.833,13.636,3,0,11,60,2,3,0,100,9.259,10,6,0,0,6,0,0,0,2.667,5
441,2026-03-26 17:04:19,11.457,Dav1d1,37.037,14.803,8,6,1,4.286,20,4.762,33.333,50,15,6,35,119,17,23,0,87.879,6.452,40.741,40,9,4,31,10,2,0,3.6,4
445,2026-02-07 16:31:37,6.801,Feynox_,23.529,8.128,7,9,1,4.0,9,30.435,22.222,25.714,7,7,21,110,11,5,0,66.667,8.434,30.588,27,7,6,18,13,3,0,3.462,7
446,2026-03-12 17:29:54,6.907,Hotpot,20.183,5.787,2,9,0,3.591,12,50,16.279,12.5,4,7,22,109,4,2,0,48.78,2.941,37.615,41,5,5,20,21,2,0,2.634,2
450,2026-02-07 16:31:37,7.51,Zarelyyyx,23.529,5.026,5,9,0,4.769,8,9.524,6.818,37.143,5,2,20,124,14,8,0,70,7.937,25.882,26,9,5,15,11,4,0,3.636,5
451,2026-01-11 00:25:47,7.5,akatsukikirika,17.46,5.924,1,6,0,3.182,8,0,19.231,22.222,2,7,11,63,3,2,0,77.778,7.407,14.286,9,0,0,7,2,1,1,3.0,4
453,2026-03-26 17:04:19,6.512,RyoutaVN,20.388,7.532,3,13,0,3.476,11,36.364,18.605,13.158,8,2,21,103,4,2,0,90,3.614,19.417,20,3,1,18,2,1,0,3.05,3
462,2026-03-12 17:29:54,5.0,hakohoka,7.2,2.423,1,23,1,3.0,7,5.882,10.345,4,3,1,9,125,0,6,0,90,0,8,10,5,1,9,1,0,0,2.7,0
463,2026-06-01 17:54:10,9.53,Sabetin,28.302,11.475,3,19,1,3.9,19,60,30.233,15.217,7,9,33,125,5,7,0,69.231,9.333,40,50,5,3,27,24,6,0,3.256,7
479,2026-01-30 15:47:47,10.5,NMapper,22.43,7.344,2,23,0,3.5,15,27.273,10,30.357,3,9,24,107,1,4,0,64.516,5.263,28.972,31,7,6,20,11,1,0,2.516,4
489,2026-03-26 17:04:19,11.0,zomg,10.68,3.324,0,13,0,3.455,6,9.091,4.651,18.421,3,0,11,103,4,2,0,36.364,3.704,21.359,22,3,2,8,14,2,0,2.318,3
505,2026-06-01 17:54:10,12.0,MaikaSasaki,16.129,6.02,4,23,0,3.333,11,23.529,8.824,19.048,6,3,15,93,4,2,0,41.667,7.246,25.806,24,2,4,10,14,1,1,2.375,5
