Timestamp,Rank,Player name,Guess rate,Usefulness,erigs,0/8s,7/8s,avg/8,# 3/8s or below,OP guess rate,ED guess rate,IN guess rate,Lives taken,Lives saved,Total hit,Total songs,WIN,LOSE,TIE,Onlist,Offlist,Rig %,Rigs,Solo rigs,Missed solos,Rigs hit,Rigs missed,Lives lost on rigs,Offlist erigs,avg/8 of your rigs,Player ID,Offlist hit
2026-01-02 19:30:28,16.5,watashiii,46.154,19.212,7,11,0,3.119,27,60,46.341,42.5,14,13,42,91,4,2,0,56.098,38,45.055,41,6,7,23,18,1,1,2.073,4,19
2026-01-11 00:25:47,17.48,watashiii,39.683,19.595,8,6,0,2.24,22,70,38.462,29.63,9,11,25,63,3,2,0,54.839,25,49.206,31,7,5,17,14,9,2,1.581,4,8
2026-03-07 08:42:40,17.901,watashiii,40.8,20.337,10,15,0,2.98,34,50,46.939,32.143,13,19,51,125,2,4,0,56.897,26.866,46.4,58,5,6,33,25,10,1,2.31,4,18
2026-03-26 17:04:19,16.697,watashiii,54.369,23.973,11,13,0,2.929,36,68.182,53.488,47.368,19,13,56,103,4,2,0,67.273,39.583,53.398,55,9,7,37,18,6,2,2.327,4,19
2026-01-02 19:30:28,18.295,Stunar,48.361,18.178,8,17,0,3.373,38,54.167,48.649,45.902,17,10,59,122,6,0,0,79.487,33.735,31.967,39,13,6,31,8,0,0,2.667,7,28
2026-01-30 15:47:47,16.474,KaoriMaeda,38.824,14.353,5,20,0,3.152,22,37.5,38.235,40,8,10,33,85,2,3,0,69.565,27.419,27.059,23,2,4,16,7,3,2,2.217,12,17
2026-03-07 08:42:40,16.044,KaoriMaeda,44.0,17.047,6,16,0,3.545,32,53.571,39.344,44.262,11,12,66,150,6,0,0,70.69,27.174,38.667,58,5,5,41,17,2,1,2.759,12,25
2026-02-07 20:15:05,12.008,kar72,34.444,13.259,8,19,0,3.0,20,31.25,41.304,25,10,9,31,90,3,3,0,58.065,22.034,34.444,31,4,4,18,13,6,0,1.742,20,13
2026-01-11 00:25:47,15.016,PoolNoodle,53.704,18.785,7,23,0,3.138,39,61.538,47.826,57.143,14,16,58,108,4,1,0,93.75,46.739,14.815,16,3,1,15,1,0,4,2.0,21,43
2026-03-26 17:04:19,16.318,PoolNoodle,53.398,17.577,3,9,0,3.564,28,53.846,52.174,54.545,9,17,55,103,1,5,0,80,48.864,14.563,15,4,2,12,3,1,1,2.6,21,43
2026-03-07 08:42:40,12.0,asleep,28.455,7.576,1,17,0,4.4,9,27.273,33.333,24.528,3,6,35,123,3,3,0,65.217,20,18.699,23,4,3,15,8,3,1,3.087,26,20
2026-02-07 20:15:05,17.277,FORTNAYT,55.118,18.891,8,21,0,3.214,45,60,65.625,39.583,14,23,70,127,1,5,0,75.758,47.872,25.984,33,3,3,25,8,0,4,3.0,28,45
2026-03-07 08:42:40,16.013,FORTNAYT,50.407,18.451,6,17,0,3.694,28,68.182,64.583,30.189,10,13,62,123,3,3,0,87.097,38.043,25.203,31,4,1,27,4,0,1,3.161,28,35
2026-03-12 17:29:54,15.713,FORTNAYT,43.939,14.539,8,20,0,3.138,35,57.895,57.143,29.688,12,15,58,132,4,2,0,75.676,31.579,28.03,37,10,7,28,9,1,2,2.081,28,30
2026-01-22 15:56:12,15.0,Tsui,40.196,16.893,6,11,0,2.927,28,58.333,36.364,32.353,11,13,41,102,3,3,0,50,36.486,27.451,28,6,5,14,14,1,4,2.286,33,27
2026-01-30 15:47:47,14.116,Tsui,50.588,16.981,5,9,0,3.419,25,50,38.889,62.857,11,12,43,85,3,2,0,77.273,41.27,25.882,22,4,1,17,5,1,3,3.409,33,26
2026-03-07 08:42:40,18.0,YuriMeguri,36.667,12.589,3,16,0,3.782,26,46.429,42.623,26.23,5,15,55,150,6,0,0,51.562,25.581,42.667,64,5,6,33,31,5,0,2.672,34,22
2026-03-07 08:42:40,13.0,Renzou,26.389,10.479,5,24,0,3.658,17,28.125,19.231,31.667,8,8,38,144,1,5,0,50,14.583,33.333,48,9,9,24,24,2,0,2.25,47,14
2026-01-11 00:25:47,13.0,Chata,26.667,11.921,6,9,0,2.562,11,35.714,25,22.727,6,3,16,60,2,3,0,46.154,11.765,43.333,26,10,5,12,14,6,0,1.923,51,4
2026-03-26 17:04:19,11.309,YoshiApelao,21.488,8.03,4,18,0,3.423,15,33.333,18.182,20,6,7,26,121,5,1,0,70.833,9.278,19.835,24,7,3,17,7,2,0,3.0,53,9
2026-04-24 11:23:13,10.826,Lika,30.556,10.551,15,25,0,2.091,27,47.368,17.778,36.364,20,5,33,108,6,0,0,76.923,15.854,24.074,26,15,5,20,6,0,1,1.269,58,13
2026-06-01 17:54:10,13.361,Lika,26.415,9.203,5,30,0,3.5,18,21.429,21.951,31.373,12,2,28,106,3,3,0,71.429,15.294,19.811,21,9,5,15,6,0,0,2.571,58,13
2026-01-08 15:39:44,15.538,neoburnz,43.86,13.963,4,15,0,3.54,28,63.636,34.091,43.75,9,17,50,114,2,4,0,81.081,25.974,32.456,37,6,1,30,7,1,1,3.595,59,20
2026-01-30 15:47:47,10.723,MahiruShiina,25.882,7.505,2,20,1,3.636,12,25,29.412,22.857,4,2,22,85,2,3,0,43.75,2.703,56.471,48,7,10,21,27,7,0,2.208,70,1
2026-01-11 00:25:47,13.0,neptune,40.26,15.947,5,15,0,2.839,23,8.333,37.838,57.143,13,4,31,77,4,1,0,70.968,19.565,40.26,31,5,4,22,9,4,1,2.129,77,9
2026-01-30 15:47:47,15.343,neptune,41.121,15.277,7,23,0,3.159,28,45.455,45,37.5,11,11,44,107,1,4,0,74.359,22.059,36.449,39,8,6,29,10,3,1,2.205,77,15
2026-03-07 08:42:40,13.95,neptune,29.861,9.575,1,24,0,3.953,18,18.75,28.846,36.667,4,10,43,144,1,5,0,54.545,19,30.556,44,4,7,24,20,1,0,2.841,77,19
2026-03-12 17:29:54,12.737,neptune,36.364,12.234,8,20,0,3.062,29,15.789,30.612,46.875,11,12,48,132,4,2,0,65.306,19.277,37.121,49,10,5,32,17,5,0,2.245,77,16
2026-01-08 15:39:44,13.943,ShiinaMahiru,44.898,13.493,6,10,0,3.75,20,45,56.098,32.432,9,4,44,98,2,4,0,80.645,28.358,31.633,31,0,2,25,6,1,0,3.161,82,19
2026-03-26 17:04:19,13.291,ShiinaMahiru,43.802,15.613,5,18,0,3.415,30,33.333,49.091,42.222,9,13,53,121,5,1,0,75.676,29.762,30.579,37,11,3,28,9,3,0,2.486,82,25
2026-02-07 20:15:05,12.987,Comete,23.404,5.728,2,17,1,4.182,8,23.529,25,21.951,2,4,22,94,3,3,0,46.512,3.922,45.745,43,1,5,20,23,7,0,2.93,98,2
2026-01-02 19:30:28,5.792,Janoxx,11.475,5.017,2,17,3,3.214,10,16.667,8.108,11.475,7,2,14,122,6,0,0,75,4.545,9.836,12,10,2,9,3,0,0,1.833,121,5
2026-01-11 00:25:47,7.833,Janoxx,16.883,8.823,6,15,1,2.154,11,33.333,13.514,14.286,7,4,13,77,4,1,0,76.923,4.688,16.883,13,9,3,10,3,0,0,1.154,121,3
2026-02-07 16:31:37,8.972,Janoxx,10.417,4.908,4,12,0,2.2,9,11.111,11.111,9.091,5,2,10,96,1,5,0,75,1.19,12.5,12,6,3,9,3,0,0,1.333,121,1
2026-02-07 20:15:05,7.782,Janoxx,14.444,6.014,4,19,0,3.0,9,25,4.348,25,6,1,13,90,3,3,0,66.667,6.41,13.333,12,8,3,8,4,1,0,1.583,121,5
2026-01-11 00:25:47,13.0,peeku,35.106,12.196,4,14,1,3.121,20,42.857,34.211,31.429,8,8,33,94,3,2,0,72.414,18.462,30.851,29,9,1,21,8,1,1,2.759,129,12
2026-01-22 15:56:12,10.0,ChrisLefko,21.818,7.486,3,14,0,3.625,13,55,18,10,7,4,24,110,2,4,0,29.545,16.667,40,44,5,3,13,31,4,0,2.545,133,11
2026-03-12 17:29:54,8.145,ChrisLefko,15.2,3.638,0,23,0,3.895,7,17.647,6.897,24,3,5,19,125,0,6,0,25.581,9.756,34.4,43,5,5,11,32,6,0,2.814,133,8
2026-04-24 11:23:13,8.145,ChrisLefko,12.727,2.728,3,29,0,3.071,8,36.364,9.524,4.348,3,5,14,110,0,6,0,28.205,4.225,35.455,39,7,11,11,28,9,0,1.744,133,3
2026-03-07 08:42:40,15.672,Jakemonkey,23.2,10.465,6,15,0,3.31,16,40,16.327,23.214,8,4,29,125,2,4,0,67.857,10.309,22.4,28,8,3,19,9,3,2,2.5,134,10
2026-01-30 15:47:47,7.512,benevelante,15.888,4.422,2,23,0,3.941,8,27.273,20,10.714,3,1,17,107,1,4,0,50,6.024,22.43,24,5,4,12,12,2,0,2.333,139,5
2026-01-08 15:39:44,10.5,mahzrunner,29.592,7.528,1,10,0,4.034,12,35,29.268,27.027,3,4,29,98,2,4,0,50,16.667,38.776,38,1,3,19,19,6,0,3.053,143,10
2026-01-11 00:25:47,12.0,liljakatsuragi,30.556,8.551,2,23,0,3.636,20,46.154,19.565,36.735,9,3,33,108,4,1,0,59.091,10.938,40.741,44,7,9,26,18,3,0,2.455,144,7
2026-01-22 15:56:12,14.682,tapumomo,31.818,10.612,5,14,0,3.714,18,35,38,22.5,9,4,35,110,2,4,0,68.75,16.667,29.091,32,7,2,22,10,3,1,2.969,146,13
2026-03-07 08:42:40,9.5,Zozo,23.577,7.013,1,17,0,4.241,9,22.727,22.917,24.528,3,5,29,123,3,3,0,63.636,8.889,26.829,33,5,4,21,12,4,0,3.182,149,8
2026-03-26 17:04:19,9.019,Zozo,33.01,10.7,3,13,0,3.647,13,22.727,32.558,39.474,6,10,34,103,4,2,0,62.963,22.368,26.214,27,8,5,17,10,4,0,2.074,149,17
2026-02-07 16:31:37,8.213,Bommie,22.826,4.909,1,12,0,4.19,7,16.667,12.5,35,3,4,21,92,2,4,0,46.512,2.041,46.739,43,6,6,20,23,5,0,2.767,150,1
2026-01-11 00:25:47,3.879,Unborned,11.111,3.104,0,6,1,3.667,5,9.524,6.061,18.519,0,3,9,81,1,4,0,29.63,1.852,33.333,27,4,1,8,19,1,0,2.741,155,1
2026-01-08 15:39:44,9.337,legrandort,24.49,5.152,1,10,0,4.417,6,25,31.707,16.216,4,1,24,98,2,4,0,100,7.5,18.367,18,0,0,18,0,0,0,4.278,159,6
2026-01-11 00:25:47,8.962,legrandort,34.568,11.126,3,6,0,3.357,16,33.333,33.333,37.037,7,7,28,81,1,4,0,84,12.5,30.864,25,4,0,21,4,1,1,3.0,159,7
2026-01-22 15:56:12,8.316,legrandort,30.392,10.509,5,11,0,3.516,16,20.833,36.364,29.412,7,6,31,102,3,3,0,88.889,9.333,26.471,27,7,2,24,3,0,0,3.0,159,7
2026-01-30 15:47:47,8.369,legrandort,27.027,7.022,3,14,1,4.167,12,40.909,25,21.951,7,3,30,111,3,2,0,74.194,8.75,27.928,31,6,3,23,8,1,0,3.161,159,7
2026-02-07 16:31:37,9.145,legrandort,30.208,9.203,2,12,0,3.172,19,11.111,35.556,33.333,6,7,29,96,1,5,0,80.769,11.429,27.083,26,1,0,21,5,3,1,2.846,159,8
2026-02-07 20:15:05,8.134,legrandort,23.457,8.421,3,9,0,3.211,12,12.5,26.316,25.926,5,7,19,81,5,1,0,85,3.279,24.691,20,4,3,17,3,0,0,2.45,159,2
2026-03-12 17:29:54,8.756,legrandort,31.2,8.741,2,23,0,3.436,22,11.765,31.034,38,3,20,39,125,0,6,0,82.353,12.088,27.2,34,4,2,28,6,3,0,2.824,159,11
2026-03-26 17:04:19,7.941,legrandort,23.14,7.36,4,18,0,3.893,12,19.048,25.455,22.222,8,2,28,121,5,1,0,95,8.911,16.529,20,4,0,19,1,1,0,3.15,159,9
2026-04-24 11:23:13,8.591,legrandort,29.358,6.292,3,26,0,2.906,23,35,30.435,25.581,10,4,32,109,3,3,0,72.222,8.219,33.028,36,3,5,26,10,2,1,2.306,159,6
2026-06-01 17:54:10,8.431,legrandort,28.302,8.814,3,30,0,3.667,18,14.286,24.39,35.294,9,8,30,106,3,3,0,86.667,5.263,28.302,30,5,3,26,4,0,0,3.367,159,4
2026-01-11 00:25:47,7.83,JustAWeirdo,9.524,3.235,1,6,0,3.5,3,0,11.538,11.111,1,2,6,63,3,2,0,44.444,3.704,14.286,9,0,0,4,5,1,1,2.889,171,2
2026-01-30 15:47:47,8.046,JustAWeirdo,12.644,4.804,2,12,0,3.091,8,18.75,11.429,11.111,3,3,11,87,3,2,0,50,4.225,18.391,16,2,2,8,8,2,0,2.0,171,3
2026-02-07 16:31:37,7.295,JustAWeirdo,22.581,7.11,5,19,0,3.286,17,26.316,20,24.444,7,6,28,124,5,1,0,70.968,6.452,25,31,13,3,22,9,3,0,2.484,171,6
2026-02-07 20:15:05,8.977,JustAWeirdo,17.778,5.014,1,19,0,3.625,8,0,19.565,25,3,4,16,90,3,3,0,73.684,2.817,21.111,19,3,3,14,5,1,0,3.0,171,2
2026-04-24 11:23:13,8.193,JustAWeirdo,19.091,4.727,5,29,0,2.762,15,9.091,16.667,26.087,6,5,21,110,0,6,0,69.565,5.747,20.909,23,8,2,16,7,3,0,2.217,171,5
2026-06-01 17:54:10,7.895,JustAWeirdo,13.131,4.228,2,26,0,3.462,8,0,11.111,20,3,1,13,99,2,4,0,45,5.063,20.202,20,6,6,9,11,3,1,1.9,171,4
2026-04-24 11:23:13,5.855,oolli,27.523,6.116,5,26,0,2.933,18,15,39.13,20.93,9,3,30,109,3,3,0,54.902,3.448,46.789,51,8,8,28,23,5,0,2.216,172,2
2026-01-02 19:30:28,9.666,Spitzell,21.905,7.509,1,17,0,3.478,11,37.5,16.216,21.154,3,6,23,105,1,5,0,58.065,6.757,29.524,31,2,3,18,13,5,0,2.452,176,5
2026-01-30 15:47:47,8.731,Spitzell,34.234,9.955,3,14,1,3.789,20,50,33.333,26.829,8,8,38,111,3,2,0,69.767,11.765,38.739,43,3,3,30,13,3,0,3.186,176,8
2026-02-07 16:31:37,8.754,Spitzell,27.273,7.48,2,15,0,3.533,17,39.13,21.569,27.778,5,8,30,110,4,2,0,67.742,11.392,28.182,31,4,2,21,10,1,1,3.0,176,9
2026-03-26 17:04:19,9.517,Spitzell,25.243,6.519,1,9,0,4.154,9,38.462,30.435,15.909,7,1,26,103,1,5,0,68.966,8.108,28.155,29,5,1,20,9,2,0,3.276,176,6
2026-06-01 17:54:10,8.476,Spitzell,25.253,7.556,2,26,0,3.52,14,38.889,19.444,24.444,6,7,25,99,2,4,0,58.824,7.692,34.343,34,4,5,20,14,6,1,2.471,176,5
2026-03-07 08:42:40,10.5,redeyes,16.667,4.874,2,24,1,4.292,7,12.5,23.077,13.333,3,2,24,144,1,5,0,37.736,4.396,36.806,53,1,3,20,33,6,0,2.981,191,4
2026-06-01 17:54:10,10.0,TBDhater,26.882,9.364,5,23,0,3.44,15,17.647,32.353,26.19,10,5,25,93,4,2,0,52.941,11.864,36.559,34,1,9,18,16,2,0,1.971,205,7
2026-01-02 19:30:28,15.039,Neumann,27.619,9.356,3,17,0,3.483,17,18.75,21.622,34.615,6,4,29,105,1,5,0,75,6.849,30.476,32,7,3,24,8,3,0,2.625,221,5
2026-01-08 15:39:44,13.665,Neumann,40.0,16.119,9,19,0,3.0,37,48,33.929,42.593,15,19,54,135,3,3,0,85.106,15.909,34.815,47,11,3,40,7,2,2,2.617,221,14
2026-01-22 15:56:12,11.884,Progenitor,41.0,13.975,2,17,1,3.439,24,50,52.273,25,6,14,41,100,4,1,0,70.455,17.857,44,44,6,6,31,13,4,0,2.727,238,10
2026-03-12 17:29:54,12.685,Progenitor,44.037,11.769,4,9,0,3.625,24,22.222,58.14,39.583,7,11,48,109,4,2,0,76.596,19.355,43.119,47,4,2,36,11,5,0,3.085,238,12
2026-01-08 15:39:44,10.046,Shadow,25.62,8.604,4,16,0,3.581,17,26.316,23.636,27.66,6,8,31,121,5,1,0,72.222,5.882,29.752,36,7,3,26,10,4,0,2.778,247,5
2026-01-30 15:47:47,11.064,Shadow,35.135,10.709,5,14,0,3.821,20,40.909,27.083,41.463,8,7,39,111,3,2,0,80.952,7.246,37.838,42,4,2,34,8,1,0,3.286,247,5
2026-02-07 16:31:37,12.02,Shadow,28.125,9.892,6,12,0,2.963,17,22.222,28.889,30.303,10,3,27,96,1,5,0,67.742,9.231,32.292,31,7,3,21,10,3,1,2.226,247,6
2026-03-26 17:04:19,10.704,Shadow,30.579,9.764,4,18,1,3.73,16,9.524,29.091,42.222,8,4,37,121,5,1,0,78.378,9.524,30.579,37,5,2,29,8,3,0,2.892,247,8
2026-04-24 11:23:13,11.403,Shadow,35.78,8.805,6,26,2,2.641,31,30,30.435,44.186,12,8,39,109,3,3,0,65.909,15.385,40.367,44,7,9,29,15,3,0,1.773,247,10
2026-06-01 17:54:10,11.478,Shadow,21.212,6.551,3,26,0,3.429,12,22.222,19.444,22.222,5,3,21,99,2,4,0,53.333,7.246,30.303,30,2,8,16,14,3,0,2.067,247,5
2026-01-02 19:30:28,7.316,Patoche49,21.978,9.484,4,11,0,3.15,13,0,26.829,22.5,5,6,20,91,4,2,0,93.333,7.895,16.484,15,1,0,14,1,0,0,2.6,259,6
2026-01-08 15:39:44,7.955,Patoche49,26.316,5.833,2,15,0,4.333,9,27.273,29.545,22.917,4,1,30,114,2,4,0,81.481,9.195,23.684,27,3,1,22,5,0,0,3.852,259,8
2026-01-22 15:56:12,7.188,Patoche49,21.368,7.747,3,13,1,3.44,13,19.048,20,24.39,6,6,25,117,2,4,0,77.778,4.444,23.077,27,2,3,21,6,1,0,2.741,259,4
2026-01-30 15:47:47,6.586,Patoche49,31.532,7.018,1,16,1,4.371,14,19.048,25.49,46.154,2,7,35,111,3,2,0,91.667,14.943,21.622,24,0,1,22,2,0,0,3.75,259,13
2026-02-07 20:15:05,6.845,Patoche49,29.921,8.393,3,21,0,3.711,19,26.667,28.125,33.333,7,4,38,127,1,5,0,80,10.87,27.559,35,0,2,28,7,0,1,3.057,259,10
2026-03-26 17:04:19,5.843,Patoche49,18.447,5.571,1,9,0,4.0,8,0,23.913,18.182,6,2,19,103,1,5,0,68.182,4.938,21.359,22,2,2,15,7,2,0,3.091,259,4
2026-04-24 11:23:13,6.845,Patoche49,28.09,8.666,9,20,0,2.32,20,15.789,36.364,27.027,12,5,25,89,3,3,0,72.414,6.667,32.584,29,10,2,21,8,4,0,1.966,259,4
2026-06-01 17:54:10,4.767,Patoche49,25.806,9.16,4,23,1,3.333,15,29.412,32.353,19.048,9,4,24,93,4,2,0,67.857,7.692,30.108,28,2,6,19,9,2,0,2.179,259,5
2026-01-02 19:30:28,12.813,civiltwlight,28.571,11.833,3,17,0,3.0,22,68.75,27.027,17.308,8,7,30,105,1,5,0,48.276,21.053,27.619,29,8,10,14,15,4,0,1.379,268,16
2026-01-30 15:47:47,11.321,civiltwlight,44.144,12.279,3,14,0,3.857,24,59.091,50,29.268,8,7,49,111,3,2,0,83.333,36.559,16.216,18,3,1,15,3,1,0,2.667,268,34
2026-01-30 15:47:47,2.607,icefeed2,15.294,3.095,0,20,0,4.308,5,18.75,8.824,20,1,2,13,85,2,3,0,43.75,8.696,18.824,16,1,6,7,9,0,0,2.062,269,6
2026-02-07 16:31:37,4.407,icefeed2,23.958,6.868,1,12,0,3.304,14,33.333,24.444,18.182,2,8,23,96,1,5,0,69.231,7.143,27.083,26,1,1,18,8,3,0,3.0,269,5
2026-02-07 20:15:05,1.368,icefeed2,18.085,3.595,1,17,0,4.647,4,23.529,13.889,19.512,1,3,17,94,3,3,0,55,8.108,21.277,20,2,4,11,9,2,1,3.65,269,6
2026-03-12 17:29:54,1.296,icefeed2,18.939,4.712,0,20,0,3.68,12,26.316,20.408,15.625,3,3,25,132,4,2,0,51.429,7.216,26.515,35,4,3,18,17,3,0,2.914,269,7
2026-04-24 11:23:13,2.3,icefeed2,22.222,6.011,6,25,0,2.542,19,21.053,24.444,20.455,9,9,24,108,6,0,0,66.667,7.407,25,27,8,3,18,9,3,1,2.148,269,6
2026-06-01 17:54:10,3.596,icefeed2,25.472,5.087,0,19,0,4.444,12,29.412,20.93,28.261,2,5,27,106,3,3,0,48.718,11.94,36.792,39,3,6,19,20,3,0,3.333,269,8
2026-01-30 15:47:47,14.0,Mami,36.036,13.573,10,16,1,3.35,23,42.857,37.255,30.769,12,10,40,111,3,2,0,68,26.744,22.523,25,10,4,17,8,1,1,2.36,274,23
2026-03-12 17:29:54,13.999,Mami,31.2,10.75,6,23,0,3.077,25,29.412,37.931,24,9,15,39,125,0,6,0,53.571,24.742,22.4,28,9,4,15,13,3,0,2.071,274,24
2026-01-08 15:39:44,9.787,chemist,19.008,6.43,4,16,0,3.696,13,15.789,20,19.149,5,5,23,121,5,1,0,73.333,11.321,12.397,15,6,2,11,4,0,0,2.533,277,12
2026-01-11 00:25:47,13.647,Provenance,33.333,11.937,5,13,0,3.222,17,50,36.111,25.714,6,11,27,81,2,3,0,69.231,16.364,32.099,26,4,3,18,8,1,1,2.154,289,9
2026-03-26 17:04:19,11.0,ss_r_white_pony,33.613,11.549,4,22,0,3.575,22,33.333,28.333,41.463,11,8,40,119,2,4,0,71.795,15,32.773,39,5,5,28,11,3,1,2.59,291,12
2026-04-24 11:23:13,10.0,ss_r_white_pony,26.364,6.885,7,29,0,2.621,23,22.727,16.667,36.957,8,11,29,110,0,6,0,80,10.588,22.727,25,7,3,20,5,1,0,2.0,291,9
2026-01-11 00:25:47,15.109,kaededayo,35.065,13.828,3,15,0,2.778,22,16.667,32.432,46.429,10,6,27,77,4,1,0,80.769,11.765,33.766,26,2,3,21,5,0,0,2.346,307,6
2026-01-11 00:25:47,8.5,Hyo,11.905,6.263,3,12,0,1.9,10,9.524,12.5,12.903,5,4,10,84,1,4,0,29.412,7.463,20.238,17,5,1,5,12,4,1,2.0,317,5
2026-01-02 19:30:28,15.0,Nephirea,41.667,13.16,6,21,0,3.85,26,27.273,38.298,48,11,12,60,144,1,5,0,91.892,24.299,25.694,37,0,1,34,3,0,1,3.568,318,26
2026-01-11 00:25:47,12.927,Nephirea,39.286,14.782,5,12,0,2.818,24,23.81,34.375,54.839,9,12,33,84,1,4,0,100,22.727,21.429,18,2,0,18,0,0,3,3.0,318,15
2026-01-22 15:56:12,11.898,Nephirea,48.182,15.504,3,14,0,3.623,27,40,46,55,10,12,53,110,2,4,0,96.552,30.864,26.364,29,5,1,28,1,0,0,3.103,318,25
2026-01-08 15:39:44,7.871,Catge,24.793,7.118,4,16,0,4.0,14,26.316,21.818,27.66,7,3,30,121,5,1,0,71.429,10.753,23.14,28,7,2,20,8,2,0,3.143,322,10
2026-01-11 00:25:47,9.146,Catge,18.519,5.528,2,13,0,3.733,8,10,19.444,20,5,3,15,81,2,3,0,65,3.279,24.691,20,0,1,13,7,1,0,2.9,322,2
2026-01-22 15:56:12,8.881,Catge,20.87,7.496,6,18,0,3.708,11,19.048,22.449,20,7,4,24,115,5,1,0,60,10,21.739,25,6,2,15,10,1,0,2.28,322,9
2026-01-30 15:47:47,9.898,Catge,29.73,7.442,4,16,0,4.364,14,19.048,23.529,43.59,4,3,33,111,3,2,0,77.419,11.25,27.928,31,8,3,24,7,1,1,3.484,322,9
2026-02-07 16:31:37,9.702,Catge,26.087,7.12,4,12,0,3.708,11,41.667,17.5,30,6,3,24,92,2,4,0,86.364,7.143,23.913,22,3,0,19,3,0,0,3.318,322,5
2026-02-07 20:15:05,9.65,Catge,24.468,6.999,4,17,0,4.0,9,17.647,19.444,31.707,5,3,23,94,3,3,0,80.952,8.219,22.34,21,3,2,17,4,0,0,3.048,322,6
2026-03-07 08:42:40,9.587,Catge,26.667,10.123,3,16,1,3.55,19,32.143,27.869,22.951,9,2,40,150,6,0,0,70.732,10.092,27.333,41,1,3,29,12,3,1,3.0,322,11
2026-03-12 17:29:54,11.151,Catge,24.51,5.53,0,14,0,4.04,10,18.75,20,30.435,4,4,25,102,4,2,0,78.947,12.048,18.627,19,0,3,15,4,0,0,3.0,322,10
2026-03-26 17:04:19,11.652,Catge,24.272,5.273,0,9,1,4.32,7,15.385,30.435,20.455,3,1,25,103,1,5,0,78.261,8.75,22.33,23,1,0,18,5,1,0,3.87,322,7
2026-06-01 17:54:10,10.638,Catge,22.581,6.962,3,23,0,3.762,12,23.529,20.588,23.81,9,1,21,93,4,2,0,69.231,4.478,27.957,26,2,3,18,8,1,0,2.692,322,3
2026-01-22 15:56:12,11.0,_nadeshiko,21.368,9.4,5,13,0,2.96,18,42.857,21.818,9.756,8,8,25,117,2,4,0,81.25,11.881,13.675,16,8,1,13,3,0,1,2.312,330,12
2026-01-08 15:39:44,3.723,2skr,11.852,2.966,1,19,0,4.312,6,8,7.143,18.519,3,2,16,135,3,3,0,38.095,7.018,15.556,21,6,6,8,13,3,0,2.048,334,8
2026-01-11 00:25:47,1.449,xeyz,7.407,0.993,0,13,0,5.0,1,10,13.889,0,0,0,6,81,2,3,0,9.259,3.704,66.667,54,4,7,5,49,11,0,2.259,335,1
2026-02-07 20:15:05,1.159,xeyz,3.15,0.228,0,21,3,6.0,0,0,1.562,6.25,0,0,4,127,1,5,0,4.878,0,64.567,82,7,10,4,78,6,0,2.61,335,0
2026-06-01 17:54:10,-0.092,xeyz,6.604,0.941,1,30,0,6.0,1,0,9.756,5.882,1,0,7,106,3,3,0,8.571,2.778,66.038,70,9,21,6,64,13,0,2.0,335,1
2026-01-11 00:25:47,8.947,inta,24.468,6.784,2,14,0,3.652,13,33.333,31.579,11.429,6,3,23,94,3,2,0,68.182,11.111,23.404,22,5,3,15,7,0,0,2.727,343,8
2026-06-01 17:54:10,9.389,inta,21.212,7.371,5,26,1,3.238,13,27.778,27.778,13.333,7,4,21,99,2,4,0,66.667,8.974,21.212,21,2,3,14,7,1,4,2.857,343,7
2026-01-11 00:25:47,11.923,Heleos,20.0,7.849,3,9,0,2.917,9,35.714,12.5,18.182,3,3,12,60,2,3,0,45.455,5.263,36.667,22,10,3,10,12,8,0,1.727,348,2
2026-02-07 20:15:05,11.506,Heleos,23.457,10.103,6,9,0,2.842,13,37.5,21.053,18.519,7,3,19,81,5,1,0,66.667,8.333,25.926,21,4,2,14,7,1,1,2.238,348,5
2026-03-07 08:42:40,12.824,Heleos,22.764,7.057,2,17,1,4.143,11,36.364,14.583,24.528,4,5,28,123,3,3,0,63.889,5.747,29.268,36,6,4,23,13,2,0,3.25,348,5
2026-01-08 15:39:44,14.993,kabigon,40.0,15.186,6,19,0,3.111,36,40,48.214,31.481,13,18,54,135,3,3,0,100,18.182,26.667,36,10,0,36,0,0,0,2.972,351,18
2026-01-30 15:47:47,6.163,Isekaijoucho,13.084,4.015,0,23,0,3.714,8,18.182,12.5,12.5,2,6,14,107,1,4,0,30.769,2.941,36.449,39,3,6,12,27,6,0,2.359,356,2
2026-01-02 19:30:28,10.544,chommy,25.275,11.455,4,11,0,2.957,16,10,24.39,30,9,5,23,91,4,2,0,76.19,10,23.077,21,7,3,16,5,1,0,2.143,357,7
2026-01-22 15:56:12,11.103,chommy,23.529,8.884,5,11,0,3.333,13,37.5,13.636,26.471,8,2,24,102,3,3,0,80,9.756,19.608,20,5,2,16,4,0,0,2.3,357,8
2026-01-30 15:47:47,11.182,chommy,28.235,8.421,2,9,0,3.708,12,21.429,25,34.286,6,2,24,85,3,2,0,90.476,7.812,24.706,21,6,1,19,2,0,0,3.095,357,5
2026-01-02 19:30:28,15.606,mangoss,32.639,8.839,3,21,0,4.17,15,18.182,31.915,37.333,6,9,47,144,1,5,0,56.897,16.279,40.278,58,6,9,33,25,3,0,3.0,358,14
2026-01-22 15:56:12,13.908,mangoss,30.769,11.81,3,13,0,3.222,22,42.857,30.909,24.39,6,18,36,117,2,4,0,65.789,13.924,32.479,38,8,4,25,13,2,0,2.553,358,11
2026-01-30 15:47:47,13.123,mangoss,34.483,14.261,4,12,0,2.8,23,50,37.143,25,11,10,30,87,3,2,0,66.667,14.815,37.931,33,7,2,22,11,4,1,2.394,358,8
2026-04-24 11:23:13,13.378,mangoss,25.926,7.029,5,25,1,2.464,23,31.579,31.111,18.182,12,8,28,108,6,0,0,48.649,14.085,34.259,37,8,7,18,19,3,1,1.865,358,10
2026-06-01 17:54:10,15.585,mangoss,31.132,11.204,6,30,0,3.364,22,28.571,17.073,43.137,13,5,33,106,3,3,0,58.333,17.143,33.962,36,3,7,21,15,4,2,2.472,358,12
2026-03-26 17:04:19,8.0,arpia97,14.286,3.725,2,22,0,4.294,6,11.111,21.667,4.878,3,2,17,119,2,4,0,35.897,3.75,32.773,39,5,8,14,25,4,0,2.564,368,3
2026-02-07 16:31:37,10.5,qwecocacola,36.29,12.004,7,19,0,3.111,30,31.579,40,33.333,11,19,45,124,5,1,0,85.714,16.854,28.226,35,5,1,30,5,2,2,3.029,376,15
2026-02-07 20:15:05,12.464,qwecocacola,28.346,7.813,4,21,0,3.806,18,33.333,25,31.25,7,4,36,127,1,5,0,76.923,6.818,30.709,39,4,4,30,9,3,0,3.128,376,6
2026-03-12 17:29:54,10.703,qwecocacola,42.202,13.213,8,9,0,3.391,24,44.444,37.209,45.833,11,7,46,109,4,2,0,90.625,22.078,29.358,32,6,1,29,3,1,1,2.906,376,17
2026-01-02 19:30:28,11.06,CipherKai,46.721,15.611,2,17,0,3.561,34,37.5,40.541,54.098,13,11,57,122,6,0,0,73.134,14.545,54.918,67,6,7,49,18,1,0,3.015,379,8
2026-02-07 20:15:05,13.756,CipherKai,36.17,10.29,3,17,0,3.765,16,29.412,38.889,36.585,4,10,34,94,3,3,0,66.667,11.538,44.681,42,4,6,28,14,4,0,2.667,379,6
2026-03-07 08:42:40,13.666,CipherKai,40.278,13.561,2,24,0,3.828,23,50,50,26.667,3,21,58,144,1,5,0,68.75,17.5,44.444,64,2,4,44,20,5,0,2.891,379,14
2026-03-12 17:29:54,12.58,CipherKai,44.118,12.751,3,14,0,3.467,23,37.5,40,50,9,14,45,102,4,2,0,68,21.154,49.02,50,6,6,34,16,4,0,2.74,379,11
2026-01-11 00:25:47,8.0,Shiku,16.667,4.942,1,12,0,3.357,8,28.571,9.375,16.129,3,2,14,84,1,4,0,44.444,3.509,32.143,27,4,5,12,15,3,1,2.333,382,2
2026-01-11 00:25:47,12.5,Komari,32.099,11.325,4,13,0,3.231,16,30,38.889,25.714,7,7,26,81,2,3,0,54.545,16.667,40.741,33,0,3,18,15,4,1,2.424,394,8
2026-02-07 16:31:37,11.898,Komari,32.727,12.079,10,15,0,2.917,25,21.739,31.373,41.667,13,5,36,110,4,2,0,47.826,21.875,41.818,46,6,6,22,24,5,5,2.391,394,14
2026-01-11 00:25:47,3.775,LordGrond,11.667,3.094,0,9,0,3.714,4,14.286,4.167,18.182,0,2,7,60,2,3,0,60,2,16.667,10,0,0,6,4,2,0,2.8,395,1
2026-01-02 19:30:28,3.303,ElJuanchi,16.667,3.524,0,21,1,4.625,6,9.091,21.277,16,3,2,24,144,1,5,0,71.429,3.448,19.444,28,1,1,20,8,0,0,4.071,399,4
2026-01-11 00:25:47,2.034,ElJuanchi,3.896,1.251,1,15,0,4.0,1,0,5.405,3.571,1,0,3,77,4,1,0,40,1.389,6.494,5,1,0,2,3,0,0,3.0,399,1
2026-02-07 16:31:37,3.744,ElJuanchi,22.826,6.115,3,12,0,3.667,10,16.667,17.5,30,5,3,21,92,2,4,0,70.833,5.882,26.087,24,3,0,17,7,2,1,2.958,399,4
2026-01-08 15:39:44,6.487,Spartric,24.49,5.946,3,10,1,4.25,6,55,17.073,16.216,4,0,24,98,2,4,0,40.476,12.5,42.857,42,2,4,17,25,4,0,3.071,401,7
2026-03-12 17:29:54,5.833,Spartric,18.349,4.495,3,9,1,3.95,7,11.111,25.581,14.583,4,1,20,109,4,2,0,40.476,4.478,38.532,42,1,3,17,25,2,0,3.119,401,3
2026-01-08 15:39:44,12.568,AnnaYanami,40.496,14.049,5,16,1,3.408,28,36.842,41.818,40.426,10,17,49,121,5,1,0,93.333,23.077,24.793,30,7,2,28,2,0,0,3.033,403,21
2026-01-11 00:25:47,13.493,AnnaYanami,28.395,9.711,5,6,0,3.348,12,33.333,21.212,33.333,6,5,23,81,1,4,0,91.667,17.391,14.815,12,1,0,11,1,0,1,2.5,403,12
2026-01-22 15:56:12,12.626,AnnaYanami,26.087,10.051,6,18,0,3.433,17,42.857,22.449,22.222,8,6,30,115,5,1,0,85,13.684,17.391,20,8,2,17,3,0,1,2.05,403,13
2026-01-30 15:47:47,13.389,AnnaYanami,29.885,11.907,3,12,0,2.885,19,37.5,34.286,22.222,10,8,26,87,3,2,0,88.235,15.714,19.54,17,5,1,15,2,0,0,2.353,403,11
2026-02-07 16:31:37,12.871,AnnaYanami,39.13,12.744,9,12,0,3.306,19,41.667,40,37.5,12,4,36,92,2,4,0,96,17.91,27.174,25,8,1,24,1,0,1,2.88,403,12
2026-02-07 20:15:05,13.142,AnnaYanami,35.802,14.771,6,9,0,2.759,23,50,42.105,18.519,9,9,29,81,5,1,0,92.857,23.881,17.284,14,3,0,13,1,0,1,2.571,403,16
2026-03-26 17:04:19,13.937,AnnaYanami,34.454,11.047,4,22,0,3.707,19,22.222,41.667,29.268,9,8,41,119,2,4,0,100,19.588,18.487,22,2,0,22,0,0,1,3.136,403,19
2026-06-01 17:54:10,13.59,AnnaYanami,35.849,9.661,4,19,0,3.974,19,41.176,30.233,39.13,9,7,38,106,3,3,0,80.769,21.25,24.528,26,4,1,21,5,1,0,3.154,403,17
2026-03-12 17:29:54,3.018,anatharax,23.529,5.928,2,14,0,3.917,10,12.5,20,30.435,7,3,24,102,4,2,0,57.895,3.125,37.255,38,7,5,22,16,0,0,2.763,404,2
2026-01-02 19:30:28,9.232,anicomi,9.89,3.366,0,11,0,3.444,4,30,7.317,7.5,3,2,9,91,4,2,0,45,0,21.978,20,2,1,9,11,2,0,2.6,405,0
2026-01-30 15:47:47,9.666,anicomi,15.294,4.705,2,20,1,3.692,6,25,11.765,14.286,4,0,13,85,2,3,0,47.619,4.688,24.706,21,4,3,10,11,2,0,2.619,405,3
2026-02-07 16:31:37,7.261,anicomi,20.0,5.851,4,15,0,3.5,11,21.739,13.725,27.778,7,4,22,110,4,2,0,47.222,6.757,32.727,36,4,6,17,19,4,1,2.583,405,5
2026-04-24 11:23:13,9.477,anicomi,17.978,3.706,1,20,0,2.938,12,21.053,24.242,10.811,1,5,16,89,3,3,0,50,3.279,31.461,28,5,6,14,14,2,0,1.857,405,2
2026-01-11 00:25:47,4.613,FoopyPoopy,9.524,3.679,2,6,0,3.167,4,30,3.846,7.407,2,0,6,63,3,2,0,40,0,23.81,15,2,0,6,9,3,0,2.6,410,0
2026-02-07 20:15:05,4.932,FoopyPoopy,14.815,6.569,3,9,1,2.667,10,12.5,13.158,18.519,5,2,12,81,5,1,0,63.158,0,23.457,19,7,2,12,7,2,0,2.263,410,0
2026-03-07 08:42:40,6.206,FoopyPoopy,12.8,6.043,3,15,0,3.062,9,10,12.245,14.286,6,1,16,125,2,4,0,40,2.222,28,35,4,1,14,21,3,0,2.457,410,2
2026-01-02 19:30:28,9.635,zokie,28.472,8.003,2,21,0,4.098,17,40.909,27.66,25.333,5,8,41,144,1,5,0,68.421,14.151,26.389,38,4,2,26,12,3,0,3.316,413,15
2026-01-11 00:25:47,8.565,zokie,34.043,10.523,3,14,0,3.375,19,47.619,31.579,28.571,7,8,32,94,3,2,0,76,18.841,26.596,25,4,3,19,6,1,1,2.8,413,13
2026-01-22 15:56:12,8.874,zokie,20.87,5.839,2,18,1,4.0,10,38.095,20.408,13.333,4,4,24,115,5,1,0,59.375,6.024,27.826,32,6,4,19,13,2,0,2.938,413,5
2026-02-07 16:31:37,9.231,zokie,29.032,7.324,2,19,0,3.722,18,26.316,26.667,33.333,6,8,36,124,5,1,0,86.207,11.579,23.387,29,5,2,25,4,1,1,3.448,413,11
2026-04-24 11:23:13,9.69,zokie,29.213,8.039,7,20,0,2.538,19,36.842,33.333,21.622,10,4,26,89,3,3,0,61.765,9.091,38.202,34,11,10,21,13,2,1,1.647,413,5
2026-06-01 17:54:10,10.647,zokie,27.358,7.954,5,19,1,3.931,14,35.294,23.256,28.261,10,0,29,106,3,3,0,70.37,12.658,25.472,27,2,3,19,8,4,1,3.185,413,10
2026-01-08 15:39:44,8.0,OkitaNobu,14.815,5.29,4,19,0,3.6,11,16,12.5,16.667,8,1,20,135,3,3,0,32.203,1.316,43.704,59,10,7,19,40,5,0,2.576,416,1
2026-01-02 19:30:28,5.895,keysha18,17.143,5.328,1,17,0,3.611,10,18.75,10.811,21.154,3,4,18,105,1,5,0,68.182,3.614,20.952,22,2,0,15,7,3,1,3.409,419,3
2026-01-08 15:39:44,5.149,keysha18,27.193,7.583,3,15,0,3.935,13,27.273,20.455,33.333,5,5,31,114,2,4,0,63.158,9.211,33.333,38,7,5,24,14,2,0,2.921,419,7
2026-01-11 00:25:47,4.651,keysha18,16.667,3.984,2,23,0,4.111,7,7.692,13.043,22.449,5,0,18,108,4,1,0,50,8.14,20.37,22,2,3,11,11,3,0,2.773,419,7
2026-01-22 15:56:12,5.27,keysha18,23.636,5.033,0,14,2,4.346,5,25,24,22.5,2,2,26,110,2,4,0,52.941,10.526,30.909,34,3,3,18,16,2,0,2.882,419,8
2026-01-30 15:47:47,4.964,keysha18,19.54,5.622,2,12,0,3.824,8,25,20,16.667,4,3,17,87,3,2,0,70.588,7.143,19.54,17,1,2,12,5,2,0,2.824,419,5
2026-03-07 08:42:40,5.088,keysha18,31.333,13.596,7,16,0,3.383,24,42.857,27.869,29.508,13,6,47,150,6,0,0,82.927,11.927,27.333,41,4,1,34,7,1,0,2.829,419,13
2026-03-12 17:29:54,6.246,keysha18,18.939,5.027,2,20,0,3.68,10,5.263,16.327,25,6,1,25,132,4,2,0,70.37,5.714,20.455,27,4,3,19,8,1,0,2.852,419,6
2026-01-11 00:25:47,8.139,Loomi,9.524,5.116,3,12,0,1.875,8,14.286,9.375,6.452,5,1,8,84,1,4,0,37.5,2.941,19.048,16,7,2,6,10,3,0,1.688,437,2
2026-01-11 00:25:47,9.458,TypoNoob,18.333,6.488,3,9,0,3.182,6,21.429,20.833,13.636,3,0,11,60,2,3,0,100,9.259,10,6,0,0,6,0,0,0,2.667,438,5
2026-01-08 15:39:44,11.457,Dav1d1,26.316,10.06,7,15,1,3.333,17,27.273,18.182,33.333,12,2,30,114,2,4,0,87.097,3.614,27.193,31,6,0,27,4,2,0,3.097,441,3
2026-01-11 00:25:47,10.685,Dav1d1,37.037,14.803,7,6,0,2.933,20,28.571,33.333,48.148,12,6,30,81,1,4,0,87.879,2.083,40.741,33,9,2,29,4,1,0,2.636,441,1
2026-01-22 15:56:12,9.593,Dav1d1,24.786,10.672,7,13,1,3.0,19,19.048,25.455,26.829,10,5,29,117,2,4,0,83.333,4.598,25.641,30,7,2,25,5,0,0,2.5,441,4
2026-01-30 15:47:47,9.018,Dav1d1,25.225,6.588,3,16,0,4.286,11,4.762,23.529,38.462,4,3,28,111,3,2,0,80,4.938,27.027,30,6,4,24,6,0,0,3.6,441,4
2026-02-07 20:15:05,9.266,Dav1d1,20.0,6.811,3,19,0,3.333,10,0,19.565,32.143,6,3,18,90,3,3,0,70.833,1.515,26.667,24,6,2,17,7,2,0,2.708,441,1
2026-03-12 17:29:54,9.284,Dav1d,34.314,11.364,8,14,0,3.371,18,31.25,17.5,50,15,1,35,102,4,2,0,77.5,6.452,39.216,40,6,2,31,9,2,0,2.9,441,4
2026-03-26 17:04:19,10.393,Dav1d,23.529,9.781,6,22,0,3.179,17,27.778,18.333,29.268,12,3,28,119,2,4,0,70.588,4.706,28.571,34,5,3,24,10,1,0,2.647,441,4
2026-01-11 00:25:47,5.46,Feynox_,18.519,6.515,3,23,1,3.3,12,23.077,21.739,14.286,7,4,20,108,4,1,0,66.667,2.469,25,27,5,6,18,9,0,0,2.444,445,2
2026-01-30 15:47:47,6.801,Feynox_,23.529,6.223,1,9,0,4.0,9,21.429,22.222,25.714,5,1,20,85,3,2,0,61.538,6.78,30.588,26,2,2,16,10,3,0,3.462,445,4
2026-02-07 16:31:37,6.645,Feynox_,19.091,8.128,7,15,1,2.524,17,30.435,19.608,11.111,7,7,21,110,4,2,0,51.852,8.434,24.545,27,7,2,14,13,3,0,1.704,445,7
2026-03-12 17:29:54,6.907,Hotpot,20.183,5.787,2,9,0,3.591,12,50,16.279,12.5,4,7,22,109,4,2,0,48.78,2.941,37.615,41,5,5,20,21,2,0,2.634,446,2
2026-01-11 00:25:47,7.062,Zarelyyyx,15.957,4.473,2,14,0,3.733,7,9.524,21.053,14.286,4,1,15,94,3,2,0,70,1.351,21.277,20,1,1,14,6,4,0,3.0,450,1
2026-01-22 15:56:12,7.43,Zarelyyyx,12.745,2.196,0,11,0,4.769,2,8.333,6.818,23.529,1,1,13,102,3,3,0,55.556,3.571,17.647,18,0,1,10,8,2,0,3.5,450,3
2026-01-30 15:47:47,7.51,Zarelyyyx,23.529,5.026,0,9,0,4.35,8,14.286,13.889,37.143,3,2,20,85,3,2,0,68.182,7.937,25.882,22,2,1,15,7,3,0,3.636,450,5
2026-02-07 16:31:37,7.491,Zarelyyyx,13.71,4.405,5,19,0,3.529,8,10.526,10,20,5,2,17,124,5,1,0,57.692,2.041,20.968,26,9,5,15,11,2,0,2.5,450,2
2026-01-11 00:25:47,7.5,akatsukikirika,17.46,5.924,1,6,0,3.182,8,0,19.231,22.222,2,7,11,63,3,2,0,77.778,7.407,14.286,9,0,0,7,2,1,1,3.0,451,4
2026-03-26 17:04:19,6.512,RyoutaVN,20.388,7.532,3,13,0,3.476,11,36.364,18.605,13.158,8,2,21,103,4,2,0,90,3.614,19.417,20,3,1,18,2,1,0,3.05,453,3
2026-03-12 17:29:54,5.0,hakohoka,7.2,2.423,1,23,1,3.0,7,5.882,10.345,4,3,1,9,125,0,6,0,90,0,8,10,5,1,9,1,0,0,2.7,462,0
2026-03-07 08:42:40,9.0,Gabetin,26.4,11.475,3,15,0,3.212,19,60,26.531,14.286,7,9,33,125,2,4,0,52,9.333,40,50,3,2,26,24,6,0,2.7,463,7
2026-06-01 17:54:10,9.53,Sabetin,28.302,7.831,2,19,1,3.9,16,58.824,30.233,15.217,6,6,30,106,3,3,0,69.231,4.478,36.792,39,5,3,27,12,3,0,3.256,463,3
2026-01-30 15:47:47,10.5,NMapper,22.43,7.344,2,23,0,3.5,15,27.273,10,30.357,3,9,24,107,1,4,0,64.516,5.263,28.972,31,7,6,20,11,1,0,2.516,479,4
2026-03-26 17:04:19,11.0,zomg,10.68,3.324,0,13,0,3.455,6,9.091,4.651,18.421,3,0,11,103,4,2,0,36.364,3.704,21.359,22,3,2,8,14,2,0,2.318,489,3
2026-06-01 17:54:10,12.0,MaikaSasaki,16.129,6.02,4,23,0,3.333,11,23.529,8.824,19.048,6,3,15,93,4,2,0,41.667,7.246,25.806,24,2,4,10,14,1,1,2.375,505,5
