Timestamp,Rank,Player name,Guess rate,Usefulness,erigs,0/8s,7/8s,avg/8,# 3/8s or below,OP guess rate,ED guess rate,IN guess rate,Lives taken,Lives saved,Total hit,Total songs,WIN,LOSE,TIE,Player ID
2026-03-08 22:30:18,150.58,watashiii,71.963,272.681,11,11,0,3.182,52,0,71.963,0,19,26,77,107,2,3,0,4
2026-03-22 21:57:25,154.55,watashiii,75.281,360.265,23,11,0,2.478,53,0,75.281,0,28,27,67,89,3,3,0,4
2026-03-29 21:23:51,158.73,watashiii,79.054,254.578,12,6,1,3.923,54,0,79.054,0,20,34,117,148,2,4,0,4
2026-04-05 21:17:36,105.0,Hejsan,37.391,99.317,3,14,1,4.186,19,0,37.391,0,9,6,43,115,5,1,0,8
2026-06-29 21:18:49,141.0,shadowpandax,74.194,205.66,4,3,0,3.457,28,0,74.194,0,6,16,46,62,2,1,0,9
2026-03-08 22:30:18,111.19,kar72,45.455,131.72,2,8,0,3.78,22,0,45.455,0,7,10,50,110,4,1,0,20
2026-03-29 21:23:51,113.62,kar72,53.374,105.299,2,15,0,4.816,24,0,53.374,0,9,8,87,163,3,2,1,20
2026-05-28 21:29:04,103.21,kar72,54.11,83.965,1,18,0,4.734,20,0,54.11,0,4,7,79,146,3,3,0,20
2026-03-08 22:30:18,107.46,PoolNoodle,40.909,110.771,2,8,0,3.933,18,0,40.909,0,6,8,45,110,4,1,0,21
2026-03-29 21:23:51,111.0,asleep,49.39,101.783,4,12,0,4.84,22,0,49.39,0,8,7,81,164,3,3,0,26
2026-03-08 22:30:18,128.0,Tsui,58.088,146.221,2,10,0,4.253,34,0,58.088,0,8,18,79,136,3,2,0,33
2026-04-05 21:17:36,110.0,claydoll1091,41.791,96.68,5,15,0,4.5,18,0,41.791,0,10,9,56,134,2,4,0,37
2026-03-08 22:30:18,114.47,Diukes,49.153,161.223,5,13,0,3.707,32,0,49.153,0,9,17,58,118,2,2,1,38
2026-03-15 16:27:21,116.81,Diukes,58.462,167.534,7,13,0,3.987,37,0,58.462,0,13,14,76,130,4,2,0,38
2026-03-22 21:57:25,119.79,Diukes,33.708,134.317,6,15,0,2.867,20,0,33.708,0,8,11,30,89,1,5,0,38
2026-03-29 21:23:51,110.767,Diukes,57.317,126.044,2,12,0,4.638,29,0,57.317,0,6,14,94,164,3,3,0,38
2026-04-05 21:17:36,112.107,Diukes,45.714,135.346,3,21,1,3.828,34,0,45.714,0,9,19,64,140,4,2,0,38
2026-05-28 21:29:04,111.033,Diukes,63.699,160.114,12,18,0,4.0,41,0,63.699,0,15,18,93,146,3,3,0,38
2026-06-29 21:18:49,112.361,Diukes,64.516,179.34,3,3,1,3.45,23,0,64.516,0,6,14,40,62,1,2,0,38
2026-07-04 20:11:01,113.949,Diukes,47.458,130.014,3,4,0,3.643,16,0,47.458,0,3,7,28,59,2,1,0,38
2026-07-28 20:22:25,113.854,Diukes,58.333,138.112,4,2,0,4.262,15,0,58.333,0,5,13,42,72,1,2,0,38
2026-03-08 22:30:18,131.92,koroshiya,55.455,172.124,6,15,0,3.852,32,0,55.455,0,8,15,61,110,1,3,1,41
2026-03-15 16:27:21,131.52,koroshiya,67.424,220.604,8,11,0,3.719,52,0,67.424,0,15,32,89,132,2,4,0,41
2026-03-29 21:23:51,133.89,koroshiya,63.871,165.629,5,11,0,4.232,35,0,63.871,0,12,20,99,155,3,2,1,41
2026-04-05 21:17:36,125.569,koroshiya,59.292,188.772,3,12,0,3.493,37,0,59.292,0,14,18,67,113,1,5,0,41
2026-05-28 21:29:04,121.397,koroshiya,65.455,158.556,8,19,0,3.991,50,0,65.455,0,11,38,108,165,2,4,0,41
2026-07-04 20:11:01,121.189,koroshiya,57.627,176.165,2,4,0,3.265,24,0,57.627,0,5,13,34,59,1,2,0,41
2026-07-28 20:22:25,121.32,koroshiya,72.222,176.103,3,2,0,4.058,21,0,72.222,0,5,14,52,72,2,1,0,41
2026-03-15 16:27:21,108.0,Nicole,41.606,93.013,3,16,0,4.474,20,0,41.606,0,8,6,57,137,3,3,0,44
2026-03-29 21:23:51,108.0,Nicole,37.419,75.438,2,11,0,4.776,13,0,37.419,0,5,5,58,155,3,2,1,44
2026-03-08 22:30:18,133.7,Sniparook,51.261,150.128,4,15,0,3.984,30,0,51.261,0,8,22,61,119,2,3,0,50
2026-03-08 22:30:18,113.0,Thaleko,47.458,126.535,5,13,0,4.143,23,0,47.458,0,8,13,56,118,2,2,1,52
2026-03-15 16:27:21,112.66,Thaleko,51.095,119.82,2,16,0,4.314,26,0,51.095,0,7,14,70,137,3,3,0,52
2026-03-29 21:23:51,113.55,Thaleko,49.08,93.617,2,15,0,4.9,19,0,49.08,0,9,5,80,163,3,2,1,52
2026-04-05 21:17:36,93.63,MahiruShiina,27.612,54.168,2,15,0,4.892,11,0,27.612,0,6,3,37,134,2,4,0,70
2026-03-22 21:57:25,106.0,comfv,38.095,93.961,2,19,0,4.175,18,0,38.095,0,4,10,40,105,4,2,0,76
2026-03-29 21:23:51,101.83,comfv,41.104,80.761,1,15,3,4.91,18,0,41.104,0,6,13,67,163,3,2,1,76
2026-04-05 21:17:36,102.48,comfv,31.858,75.754,0,12,0,4.194,14,0,31.858,0,10,2,36,113,1,5,0,76
2026-06-29 21:18:49,88.68,comfv,30.645,71.512,2,3,0,4.053,9,0,30.645,0,4,1,19,62,1,2,0,76
2026-07-04 20:11:01,88.32,comfv,33.898,74.326,0,4,0,4.1,9,0,33.898,0,4,0,20,59,1,2,0,76
2026-03-08 22:30:18,91.89,JuliAless64,37.5,75.264,3,10,0,4.902,16,0,37.5,0,4,8,51,136,3,2,0,79
2026-03-29 21:23:51,94.13,JuliAless64,39.189,72.961,2,6,1,5.052,13,0,39.189,0,6,5,58,148,2,4,0,79
2026-04-05 21:17:36,95.85,JuliAless64,41.045,79.128,2,15,0,4.764,15,0,41.045,0,7,4,55,134,2,4,0,79
2026-05-28 21:29:04,82.9,JuliAless64,35.338,66.682,1,14,0,4.383,16,0,35.338,0,3,8,47,133,4,2,0,79
2026-07-04 20:11:01,81.537,JuliAless64,30.508,64.814,1,4,0,4.278,7,0,30.508,0,2,4,18,59,1,2,0,79
2026-07-28 20:22:25,81.342,JuliAless64,45.833,100.041,4,2,0,4.576,9,0,45.833,0,6,4,33,72,1,2,0,79
2026-04-05 21:17:36,93.65,Pile,32.174,69.698,3,14,1,4.595,11,0,32.174,0,5,3,37,115,5,1,0,81
2026-03-15 16:27:21,94.0,ShiinaMahiru,33.884,91.539,6,14,0,4.293,17,0,33.884,0,8,6,41,121,3,3,0,82
2026-03-08 22:30:18,105.0,Alkios,37.273,75.9,1,15,1,4.683,14,0,37.273,0,2,5,41,110,1,3,1,84
2026-04-05 21:17:36,95.78,Alkios,31.858,68.441,0,12,0,4.333,14,0,31.858,0,7,2,36,113,1,5,0,84
2026-07-22 20:21:13,84.95,Alkios,33.333,70.892,4,16,0,4.043,10,0,33.333,0,4,4,23,69,3,0,1,84
2026-07-28 20:22:25,86.73,Alkios,40.278,61.749,0,2,1,4.966,7,0,40.278,0,2,1,29,72,2,1,0,84
2026-03-15 16:27:21,94.14,Baikinman,21.488,39.486,0,14,1,5.0,10,0,21.488,0,3,3,26,121,3,3,0,91
2026-04-05 21:17:36,108.21,mrwolf2,40.714,122.48,7,21,0,3.895,28,0,40.714,0,13,10,57,140,4,2,0,103
2026-03-22 21:57:25,102.75,cafezinho,44.86,114.563,3,13,0,4.042,21,0,44.86,0,5,11,48,107,4,2,0,106
2026-05-28 21:29:04,91.87,cafezinho,35.758,55.425,3,19,1,4.915,11,0,35.758,0,5,6,59,165,2,4,0,106
2026-05-28 21:29:04,80.0,Legitted,29.231,52.156,0,13,0,4.447,10,0,29.231,0,3,4,38,130,2,3,0,112
2026-03-08 22:30:18,92.82,Saiki,13.084,22.032,0,11,2,4.857,3,0,13.084,0,2,0,14,107,2,3,0,115
2026-03-15 16:27:21,89.57,Saiki,20.769,43.717,0,13,5,4.815,9,0,20.769,0,3,4,27,130,4,2,0,115
2026-03-22 21:57:25,88.58,Saiki,22.857,52.615,1,19,2,4.417,9,0,22.857,0,2,6,24,105,4,2,0,115
2026-03-29 21:23:51,80.114,Saiki,23.871,38.695,0,11,2,5.081,9,0,23.871,0,3,3,37,155,3,2,1,115
2026-04-05 21:17:36,81.969,Saiki,16.814,47.182,2,12,1,4.053,7,0,16.814,0,4,1,19,113,1,5,0,115
2026-05-28 21:29:04,67.219,Saiki,22.0,36.251,1,13,1,4.667,7,0,22,0,3,0,33,150,3,3,0,115
2026-07-04 20:11:01,67.48,Saiki,20.339,43.17,2,4,0,4.583,3,0,20.339,0,2,0,12,59,2,1,0,115
2026-07-28 20:22:25,67.779,Saiki,25.0,41.584,1,2,2,5.111,4,0,25,0,1,2,18,72,2,1,0,115
2026-03-08 22:30:18,90.0,Fumiii,16.364,38.807,2,8,0,4.611,5,0,16.364,0,2,2,18,110,4,1,0,119
2026-03-22 21:57:25,82.48,Fumiii,24.762,45.095,1,19,0,4.885,8,0,24.762,0,2,2,26,105,4,2,0,119
2026-05-28 21:29:04,66.95,Fumiii,32.192,37.482,0,18,0,5.277,6,0,32.192,0,0,3,47,146,3,3,0,119
2026-03-08 22:30:18,80.27,Janoxx,20.561,47.698,1,11,0,4.318,9,0,20.561,0,3,2,22,107,2,3,0,121
2026-03-15 16:27:21,83.76,Janoxx,23.485,42.94,1,11,4,5.065,11,0,23.485,0,5,2,31,132,2,4,0,121
2026-03-22 21:57:25,85.2,Janoxx,10.112,18.009,0,15,0,4.333,2,0,10.112,0,0,2,9,89,1,5,0,121
2026-04-05 21:17:36,83.13,Janoxx,15.0,39.803,2,21,3,4.381,10,0,15,0,6,2,21,140,4,2,0,121
2026-07-04 20:11:01,64.41,Janoxx,11.864,9.848,0,4,0,5.714,0,0,11.864,0,0,0,7,59,1,2,0,121
2026-06-29 21:18:49,71.44,Jakemonkey,32.258,52.4,0,3,0,4.55,7,0,32.258,0,0,5,20,62,1,2,0,134
2026-07-04 20:11:01,76.68,Jakemonkey,20.339,44.745,1,4,0,4.25,4,0,20.339,0,1,1,12,59,2,1,0,134
2026-03-08 22:30:18,85.0,mahzrunner,28.972,71.63,0,11,0,4.097,15,0,28.972,0,5,1,31,107,2,3,0,143
2026-03-15 16:27:21,90.0,Skychael,28.462,52.676,1,13,0,5.027,11,0,28.462,0,4,3,37,130,4,2,0,160
2026-07-22 20:21:13,63.86,yashadox,23.188,28.445,0,16,0,4.875,4,0,23.188,0,0,4,16,69,0,3,1,169
2026-07-28 20:22:25,65.86,yashadox,22.222,25.334,0,2,1,5.688,2,0,22.222,0,1,0,16,72,1,2,0,169
2026-03-08 22:30:18,87.39,Neumann,26.471,43.016,1,10,3,5.25,10,0,26.471,0,2,3,36,136,3,2,0,221
2026-03-08 22:30:18,100.84,Dry,42.647,114.845,6,10,0,4.379,25,0,42.647,0,11,7,58,136,3,2,0,228
2026-03-15 16:27:21,104.53,Dry,38.462,114.062,6,13,2,4.1,25,0,38.462,0,9,9,50,130,4,2,0,228
2026-03-22 21:57:25,105.8,Dry,34.286,95.923,4,19,0,4.028,17,0,34.286,0,5,8,36,105,4,2,0,228
2026-03-29 21:23:51,112.287,Dry,36.774,86.814,1,11,3,4.404,20,0,36.774,0,7,9,57,155,3,2,1,228
2026-04-05 21:17:36,112.814,Dry,40.87,122.575,6,14,0,3.936,22,0,40.87,0,9,11,47,115,5,1,0,228
2026-05-28 21:29:04,95.431,Dry,30.075,87.545,2,14,1,3.475,25,0,30.075,0,3,15,40,133,4,2,0,228
2026-07-04 20:11:01,95.906,Dry,44.068,146.62,5,4,1,3.192,18,0,44.068,0,5,8,26,59,2,1,0,228
2026-07-22 20:21:13,98.092,Dry,30.435,94.81,5,16,1,2.857,15,0,30.435,0,6,9,21,69,0,3,1,228
2026-07-28 20:22:25,99.548,Dry,36.111,85.106,1,2,1,4.423,11,0,36.111,0,3,8,26,72,1,2,0,228
2026-03-08 22:30:18,96.52,Progenitor,23.636,36.884,0,15,1,5.269,6,0,23.636,0,2,2,26,110,1,3,1,238
2026-03-22 21:57:25,92.4,Progenitor,30.841,61.944,1,13,0,4.606,12,0,30.841,0,5,1,33,107,4,2,0,238
2026-04-05 21:17:36,93.65,Progenitor,28.696,67.032,3,14,0,4.606,14,0,28.696,0,7,3,33,115,5,1,0,238
2026-07-22 20:21:13,77.25,Progenitor,31.884,39.933,0,16,0,4.773,5,0,31.884,0,2,5,22,69,0,3,1,238
2026-03-08 22:30:18,94.14,yasashiikumo,28.814,49.973,0,13,1,4.941,8,0,28.814,0,3,3,34,118,2,2,1,241
2026-03-15 16:27:21,93.44,yasashiikumo,29.927,59.07,0,16,0,4.732,13,0,29.927,0,4,5,41,137,3,3,0,241
2026-03-22 21:57:25,99.964,yasashiikumo,35.514,106.984,7,13,0,3.974,18,0,35.514,0,10,3,38,107,4,2,0,241
2026-03-29 21:23:51,105.552,yasashiikumo,28.049,47.133,1,12,2,5.239,10,0,28.049,0,3,2,46,164,3,3,0,241
2026-04-05 21:17:36,102.182,yasashiikumo,32.857,67.766,0,21,0,4.565,16,0,32.857,0,2,8,46,140,4,2,0,241
2026-05-28 21:29:04,81.007,yasashiikumo,32.121,38.104,1,19,1,5.283,9,0,32.121,0,3,1,53,165,2,4,0,241
2026-06-29 21:18:49,79.54,yasashiikumo,38.71,71.664,0,3,0,4.25,10,0,38.71,0,1,1,24,62,2,1,0,241
2026-07-22 20:21:13,82.105,yasashiikumo,46.377,87.6,3,16,0,4.031,14,0,46.377,0,5,4,32,69,3,0,1,241
2026-07-28 20:22:25,86.248,yasashiikumo,33.333,39.456,0,2,0,5.458,3,0,33.333,0,1,1,24,72,2,1,0,241
2026-06-29 21:18:49,40.0,Shadow,8.065,15.452,1,3,2,4.8,1,0,8.065,0,1,0,5,62,2,1,0,247
2026-03-08 22:30:18,100.0,eternity,31.818,114.113,5,8,2,3.4,23,0,31.818,0,10,7,35,110,4,1,0,248
2026-03-08 22:30:18,86.36,Patoche49,11.017,11.11,0,13,1,6.0,1,0,11.017,0,2,0,13,118,2,2,1,259
2026-05-28 21:29:04,52.26,Patoche49,18.788,15.516,0,19,0,5.903,3,0,18.788,0,1,1,31,165,2,4,0,259
2026-07-22 20:21:13,51.14,Patoche49,27.536,34.407,1,16,0,4.895,4,0,27.536,0,3,0,19,69,3,0,1,259
2026-03-29 21:23:51,90.0,AnotherWish,18.919,32.635,0,6,9,5.143,6,0,18.919,0,3,1,28,148,2,4,0,260
2026-07-22 20:21:13,59.66,AnotherWish,27.536,51.252,2,16,0,4.211,8,0,27.536,0,3,3,19,69,3,0,1,260
2026-03-15 16:27:21,118.0,civiltwlight,49.587,159.447,7,14,0,3.75,35,0,49.587,0,12,14,60,121,3,3,0,268
2026-03-29 21:23:51,108.0,Mami,43.902,87.469,4,12,0,4.944,15,0,43.902,0,4,7,72,164,3,3,0,274
2026-03-15 16:27:21,93.0,hmsuis,29.545,40.71,0,11,0,5.436,7,0,29.545,0,3,1,39,132,2,4,0,276
2026-03-22 21:57:25,87.58,hmsuis,30.841,64.958,1,13,0,4.545,11,0,30.841,0,4,5,33,107,4,2,0,276
2026-03-29 21:23:51,91.51,hmsuis,38.514,63.843,1,6,0,5.211,12,0,38.514,0,4,1,57,148,2,4,0,276
2026-03-15 16:27:21,95.0,chemist,24.793,46.034,0,14,1,4.9,11,0,24.793,0,1,5,30,121,3,3,0,277
2026-05-28 21:29:04,140.0,akatsuki,72.667,229.721,16,13,0,3.275,62,0,72.667,0,20,42,109,150,3,3,0,282
2026-03-08 22:30:18,93.01,Provenance,26.891,74.724,5,15,1,4.5,13,0,26.891,0,8,2,32,119,2,3,0,289
2026-03-22 21:57:25,94.92,Provenance,17.978,70.661,5,15,0,3.125,9,0,17.978,0,7,1,16,89,1,5,0,289
2026-06-29 21:18:49,80.13,Provenance,25.806,39.05,0,3,0,4.812,4,0,25.806,0,1,1,16,62,2,1,0,289
2026-04-05 21:17:36,106.0,beautiful,40.299,83.649,2,15,0,4.648,16,0,40.299,0,7,8,54,134,2,4,0,311
2026-03-15 16:27:21,87.0,_nadeshiko,24.088,52.87,4,16,1,4.879,8,0,24.088,0,6,2,33,137,3,3,0,330
2026-03-22 21:57:25,82.67,xeyz,17.978,37.163,1,15,0,4.312,4,0,17.978,0,1,6,16,89,1,5,0,335
2026-05-28 21:29:04,65.83,xeyz,26.027,29.709,0,18,3,5.289,5,0,26.027,0,3,0,38,146,3,3,0,335
2026-05-28 21:29:04,55.0,inta,17.293,26.174,1,14,1,5.0,4,0,17.293,0,3,1,23,133,4,2,0,343
2026-03-29 21:23:51,106.0,Selaph,30.061,61.398,3,15,3,5.061,13,0,30.061,0,6,3,49,163,3,2,1,347
2026-05-28 21:29:04,60.0,Porte,16.667,24.407,0,13,2,4.88,5,0,16.667,0,2,3,25,150,3,3,0,349
2026-03-22 21:57:25,71.0,Tsuni,7.865,13.483,0,11,0,5.0,2,0,7.865,0,2,0,7,89,3,3,0,388
2026-06-29 21:18:49,62.0,Vr0003,19.355,31.917,0,3,0,4.667,3,0,19.355,0,1,1,12,62,1,2,0,400
2026-03-08 22:30:18,86.97,AnnaYanami,21.849,48.88,2,15,0,5.0,10,0,21.849,0,6,2,26,119,2,3,0,403
2026-03-22 21:57:25,87.37,AnnaYanami,20.225,60.413,2,11,0,3.722,10,0,20.225,0,6,1,18,89,3,3,0,403
2026-03-22 21:57:25,70.56,FoopyPoopy,3.371,2.865,0,11,1,6.0,0,0,3.371,0,0,0,3,89,3,3,0,410
2026-07-22 20:21:13,38.8,FoopyPoopy,10.145,11.278,0,16,0,5.286,2,0,10.145,0,1,0,7,69,0,3,1,410
2026-03-08 22:30:18,75.0,OkitaNobu,20.0,39.855,1,15,3,5.0,8,0,20,0,3,1,22,110,1,3,1,416
2026-03-08 22:30:18,95.0,HaruUrara,28.571,65.91,3,15,1,4.706,12,0,28.571,0,4,4,34,119,2,3,0,430
2026-03-15 16:27:21,92.65,HaruUrara,35.606,68.502,1,11,1,4.894,14,0,35.606,0,5,5,47,132,2,4,0,430
2026-05-28 21:29:04,115.0,tmokenc,43.609,107.651,3,14,1,3.793,30,0,43.609,0,6,14,58,133,4,2,0,506
