Tournament Date,Player ID,player name,guess rate,usefulness,avg diff,erigs,avg /8 correct,OP guess rate,ED guess rate,IN guess rate
2025-06-01,91,Baikinman,73.438,19.561,28.348,6,4.34,73.438,0,0
2025-06-08,91,Baikinman,71.622,19.534,28.041,7,4.132,71.622,0,0
2025-06-15,91,Baikinman,76.812,22.778,27.757,4,3.717,76.812,0,0
2025-06-23,91,Baikinman,74.138,26.335,25.449,11,3.628,74.138,0,0
2025-06-24,91,Baikinman,70.37,24.694,26.592,15,3.561,70.37,0,0
2025-06-29,91,Baikinman,72.581,25.443,26.986,10,3.911,72.581,0,0
2025-07-06,91,Baikinman,74.38,22.749,27.705,8,3.756,74.38,0,0
2025-07-20,91,Baikinman,80.488,28.735,25.318,10,3.707,80.488,,
2025-07-24,91,Baikinman,69.697,25.014,26.2,10,3.58,69.697,,
2025-07-28,91,Kyshua,70.492,23.796,26.095,10,3.663,70.492,,
2025-08-03,91,Baikinman,81.308,27.73,27.64,9,3.575,81.308,0,0
2025-06-01,115,SaikiChan,29.577,4.565,32.942,0,5.238,29.577,0,0
2025-06-08,115,SaikiChan,26.797,5.356,31.188,0,4.805,26.797,0,0
2025-06-15,115,SaikiChan,33.951,5.086,31.719,0,5.091,33.951,0,0
2025-06-23,115,SaikiChan,31.897,5.571,31.821,0,5.027,31.897,0,0
2025-06-29,115,SaikiChan,26.923,5.727,31.168,1,4.857,26.923,0,0
2025-07-06,115,SaikiChan,22.901,4.885,31.142,1,4.567,22.901,0,0
2025-07-13,115,SaikiChan,21.008,4.625,30.241,2,4.84,21.008,,
2025-07-20,115,SaikiChan,29.268,5.031,30.732,0,5.056,29.268,,
2025-07-28,115,SaikiChan,30.088,8.763,30.268,5,4.118,30.088,,
2025-08-03,115,SaikiChan,25.781,7.76,29.738,3,4.03,25.781,0,0
2025-06-01,121,Janoxx,36.134,7.346,27.493,0,4.651,36.134,0,0
2025-06-08,121,Janoxx,34.646,5.893,29.717,0,5.091,34.646,0,0
2025-06-15,121,Janoxx,28.261,6.469,27.516,1,4.282,28.261,0,0
2025-06-23,121,Janoxx,25.197,5.305,26.729,1,4.656,25.197,0,0
2025-06-29,121,Janoxx,33.871,8.041,26.73,0,4.571,33.871,0,0
2025-07-06,121,Janoxx,32.593,7.543,30.066,4,4.477,32.593,0,0
2025-07-13,121,Janoxx,35.052,10.882,28.705,3,3.618,35.052,,
2025-07-20,121,Janoxx,25.0,5.452,29.18,0,4.759,25,,
2025-07-24,121,Janoxx,29.885,7.14,26.486,0,4.385,29.885,,
2025-07-28,121,Janoxx,31.538,9.307,26.78,4,3.927,31.538,,
2025-08-03,121,Janoxx,29.545,5.176,30.443,1,4.923,29.545,0,0
2025-06-01,133,ChrisLefko,46.763,9.836,29.899,4,4.938,46.763,0,0
2025-06-08,133,OnlyWorldDaiStar,57.554,12.654,28.507,1,4.562,57.554,0,0
2025-06-15,133,OnlyWorldDaiStar,55.833,14.434,29.157,4,4.179,55.833,0,0
2025-06-23,133,NoobLefko,46.341,10.495,29.444,3,4.632,46.341,0,0
2025-07-06,133,OnlyWorldDaiStar,50.382,12.475,28.75,4,4.121,50.382,0,0
2025-07-13,133,OnlyWorldDaiStar,47.107,13.672,30.715,7,4,47.107,,
2025-07-20,133,OnlyWorldDaiStar,52.174,12.495,28.718,0,4.467,52.174,,
2025-07-24,133,OnlyWorldDaiStar,48.958,9.202,30.672,0,4.851,48.958,,
2025-07-28,133,OnlyWorldDaiStar,52.308,13.355,29.99,3,4.147,52.308,,
2025-08-03,133,OnlyWorldDaiStar,46.094,12.672,29.152,5,4.102,46.094,0,0
2025-06-01,177,oh95,45.926,7.637,31.26,1,5.113,45.926,0,0
2025-06-08,177,oh95,49.64,9.229,30.023,1,4.841,49.64,0,0
2025-06-15,177,oh95,48.765,7.18,32.301,0,5.025,48.765,0,0
2025-06-23,177,oh95,48.673,12.654,27.94,4,4.182,48.673,0,0
2025-06-24,177,oh95,38.889,8.317,30.187,3,4.635,38.889,0,0
2025-06-29,177,oh95,45.985,11.338,27.96,3,4.746,45.985,0,0
2025-07-06,177,oh95,54.478,13.837,29.216,4,4.123,54.478,0,0
2025-07-13,177,oh95,55.357,13.876,30.729,3,4.161,55.357,,
2025-07-20,177,oh95,50.0,13.098,30.007,0,4.345,50,,
2025-07-24,177,oh95,42.478,9.088,30.289,1,4.542,42.478,,
2025-07-28,177,oh95,47.788,11.266,29.174,2,4.352,47.788,,
2025-08-03,177,oh95,42.446,10.201,31.022,3,4.475,42.446,0,0
2025-07-06,1,Dummy_,18.182,3.022,31.328,0,5.182,18.182,0,0
2024-05-03,4,AKl,85.95,31.944,22.464,29,2.856,85.95,0,0
2025-03-12,4,AKl,83.761,29.726,23.56,24,2.745,83.761,0,0
2025-04-28,4,poyoyoyoyo,83.75,29.681,27.057,18,3.075,83.75,0,0
2025-05-18,4,poyoyoyoyo,85.321,29.519,26.302,9,3.645,85.321,0,0
2025-06-01,4,poyoyoyoyo,84.762,28.001,27.167,7,3.775,84.762,0,0
2025-06-15,4,AKl,78.448,27.852,26.041,14,3.44,78.448,0,0
2025-06-23,4,AKl,81.731,29.239,24.017,5,3.341,81.731,0,0
2025-06-29,4,poyoyoyoyo,79.464,31.146,24.554,8,3.371,79.464,0,0
2025-07-20,4,AKl,86.087,31.214,26.112,12,3.717,86.087,,
2025-07-24,4,poyoyoyoyo,82.292,30.981,26.024,14,3.633,82.292,,
2025-04-15,8,Hejsan,73.984,20.937,26.207,9,4,73.984,0,0
2025-05-10,8,Hejsan,68.269,29.218,25.847,16,3.549,68.269,0,0
2025-05-18,8,Hejsan,77.273,26.151,27.043,9,3.755,77.273,0,0
2025-05-26,8,Hejsan,75.333,26.809,27.01,12,3.858,75.333,0,0
2025-06-08,8,Hejsan,74.51,22.539,27.052,8,3.965,74.51,0,0
2025-06-29,8,Hejsan,82.609,27.784,27.189,9,3.905,82.609,0,0
2024-05-03,17,gro,39.815,12.806,22.51,9,3.349,39.815,0,0
2025-05-18,17,gro,33.333,10.27,25.746,4,4,33.333,0,0
2025-06-23,17,Kripparrian,37.5,9.034,24.789,0,4.231,37.5,0,0
2025-07-06,17,gro,43.511,12.933,26.291,5,3.825,43.511,0,0
2025-07-20,17,gro,47.573,14.336,26.504,5,4.327,47.573,,
2025-07-24,17,gro,49.558,16.878,25.439,5,3.625,49.558,,
2025-08-03,17,gro,49.6,12.4,27.31,0,4.081,49.6,0,0
2025-04-15,20,kar72,50.515,10.807,29.073,0,4.224,50.515,0,0
2025-05-04,20,kar72,50.704,12.624,29.831,4,4.236,50.704,0,0
2025-05-18,20,kkura_,50.0,12.636,28.777,0,4.258,50,0,0
2025-06-08,20,kkura_,62.838,14.088,30.312,3,4.43,62.838,0,0
2025-06-15,20,kkura_,46.721,10.273,30.535,0,4.316,46.721,0,0
2024-05-03,21,PoolNoodle,43.925,11.953,26.776,5,4.213,43.925,0,0
2025-06-01,21,PoolNoodle,58.824,12.508,28.237,1,4.543,58.824,0,0
2025-06-08,21,PoolNoodle,60.14,14.223,29.589,3,4.453,60.14,0,0
2025-07-24,21,PoolNoodle,60.331,11.839,30.099,1,4.849,60.331,,
2025-07-28,21,PoolNoodle,47.706,12.046,32.196,2,4.231,47.706,,
2025-06-01,31,CarbonatedLove,57.031,11.907,30.987,3,4.808,57.031,0,0
2025-07-20,31,CarbonatedLove,51.456,12.803,29.615,2,4.528,51.456,,
2025-06-01,38,Diukes,48.148,11.375,28.966,4,4.677,48.148,0,0
2025-06-08,38,Diukes,52.318,13.722,28.127,6,4.392,52.318,0,0
2024-05-03,41,koroshiya,45.395,8.2,23.395,4,4.42,45.395,0,0
2025-05-18,41,badatlife,41.667,8.679,30.899,1,4.745,41.667,0,0
2025-07-28,41,badatlife,47.518,11.16,28.213,5,4.478,47.518,,
2025-04-15,43,mkby,38.462,8.739,26.518,2,4.525,38.462,0,0
2025-06-29,43,mkby,46.154,9.063,28.483,1,4.95,46.154,0,0
2025-07-13,43,mkby,45.652,15.806,27.124,7,3.595,45.652,,
2025-07-20,43,mkby,45.652,11.306,28.971,1,4.476,45.652,,
2025-08-03,43,mkby,52.381,13.443,30.293,6,4.221,52.381,0,0
2024-05-03,45,Anoru_,37.5,9.869,26.158,2,3.641,37.5,0,0
2025-04-15,45,Anoru_,54.206,11.778,30.766,3,4.483,54.206,0,0
2025-05-10,45,Anoru_,55.455,14.553,31.099,1,4.344,55.455,0,0
2025-08-03,45,Anoru_,49.194,10.866,31.244,1,4.328,49.194,0,0
2025-04-15,49,BeakoLovely,75.61,24.61,28.395,11,3.919,75.61,0,0
2025-05-18,49,BlackCondor,81.308,35.173,24.803,18,3.184,81.308,0,0
2025-06-01,49,BeakoLovely,75.54,23.618,26.855,8,3.962,75.54,0,0
2025-06-08,49,BlackCondor,83.465,27.88,26.283,11,3.811,83.465,0,0
2025-06-15,49,BlackCondor,80.864,21.937,28.846,5,3.992,80.864,0,0
2025-06-23,49,BlackCondor,84.252,33.998,25.553,21,3.252,84.252,0,0
2025-07-13,49,BlackCondor,84.848,29.54,26.549,8,3.417,84.848,,
2025-08-03,49,BlackCondor,72.059,26.881,26.073,11,3.357,72.059,0,0
2025-04-15,52,Thaleko,55.725,11.521,29.105,1,4.685,55.725,0,0
2025-04-21,52,Thaleko,53.901,13.245,30.696,3,4.263,53.901,0,0
2025-06-15,52,Thaleko,52.586,11.971,29.444,1,4.246,52.586,0,0
2025-06-23,52,Thaleko,50.442,12.436,28.96,3,4.263,50.442,0,0
2025-06-29,52,Thaleko,57.692,13.357,29.355,1,4.667,57.692,0,0
2024-05-03,55,isabella,63.248,21.086,22.524,11,3.027,63.248,0,0
2025-07-28,55,xieliann,51.095,14.779,25.712,5,3.986,51.095,,
2024-05-03,59,neoburnz,36.275,8.436,26.976,1,3.865,36.275,0,0
2025-05-04,59,neoburnz,40.714,6.824,32.83,1,5.035,40.714,0,0
2025-06-01,59,neoburnz,42.446,7.581,30.917,0,5.119,42.446,0,0
2025-07-24,59,neoburnz,49.038,9.79,29.969,2,4.98,49.038,,
2025-07-28,59,neoburnz,52.632,11.268,29.601,3,4.5,52.632,,
2025-04-15,64,Yokipi,26.829,3.274,35.503,0,5.591,26.829,0,0
2025-04-21,64,Yokipi,29.231,3.61,33.607,0,5.447,29.231,0,0
2025-04-28,64,Yokipi,25.424,3.455,33.833,1,4.833,25.424,0,0
2025-05-26,64,Yokipi,20.93,3.808,35.028,3,5.528,20.93,0,0
2025-06-15,64,Yokipi,18.333,2.056,34.84,0,5.727,18.333,0,0
2025-06-24,64,Yokipi,29.63,4.38,34.043,0,5.188,29.63,0,0
2025-06-29,64,Yokipi,25.0,3.314,34.435,0,5.71,25,0,0
2024-05-03,65,Baguett,39.535,11.109,24.695,5,3.412,39.535,0,0
2024-05-03,65,Baguett,41.667,9.692,26.561,2,3.956,41.667,0,0
2025-06-29,65,Baguett,64.423,18.613,29.455,4,4.209,64.423,0,0
2024-05-03,76,comfv,46.067,14.694,23.549,6,3.39,46.067,0,0
2025-03-12,76,comfv,81.818,25.721,24.524,12,3.069,81.818,0,0
2025-08-03,76,comfv,80.8,27.763,26.841,13,3.525,80.8,0,0
2024-05-03,79,JuliAless64,28.676,6.735,27.108,2,4.436,28.676,0,0
2025-03-12,79,JuliAless64,29.915,5.357,30.565,0,4.086,29.915,0,0
2025-05-18,79,JuliAless64,37.374,8.05,32.421,1,4.703,37.374,0,0
2025-05-26,79,JuliAless64,39.227,7.921,30.285,3,4.958,39.227,0,0
2025-06-01,79,JuliAless64,41.007,7.346,32.544,0,5.018,41.007,0,0
2025-06-08,79,JuliAless64,46.154,9.135,31.38,3,4.931,46.154,0,0
2025-06-24,79,JuliAless64,39.062,7.271,31.635,1,4.78,39.062,0,0
2025-08-03,79,JuliAless64,45.161,9.595,32.673,1,4.429,45.161,0,0
2025-07-24,80,moosepi,52.893,9.296,32.197,1,5.062,52.893,,
2024-05-03,81,Pile,34.307,8.226,31.255,4,4.34,34.307,0,0
2025-04-15,81,Pile,47.561,8.774,33.166,0,4.949,47.561,0,0
2025-06-08,81,Pile,45.033,9.947,30.587,3,4.75,45.033,0,0
2025-07-20,81,OnlyAiM,42.276,9.597,29.301,0,4.519,42.276,,
2025-07-28,81,Pile,48.936,13.004,29.133,5,4.203,48.936,,
2025-05-18,83,FaLiLV,66.667,20.478,28.912,4,3.889,66.667,0,0
2025-05-26,83,FaLiLV,56.977,15.458,28.786,4,4.347,56.977,0,0
2025-06-01,83,FaLiLV,60.544,13.695,30.424,4,4.573,60.544,0,0
2025-06-08,83,FaLiLV,64.748,15.571,26.734,1,4.378,64.748,0,0
2025-06-23,83,FaLiLV,61.6,17.389,27.982,4,4.039,61.6,0,0
2025-06-29,83,FaLiLV,59.854,15.538,26.843,2,4.476,59.854,0,0
2025-07-06,83,FaLiLV,65.854,17.762,29.018,7,4.086,65.854,0,0
2025-07-13,83,FaLiLV,65.546,21.343,28.937,10,3.744,65.546,,
2025-07-20,83,FaLiLV,57.759,16.93,28.867,3,4.164,57.759,,
2025-08-03,83,GabrielaRobin,69.697,17.816,29.901,5,4.13,69.697,0,0
2025-05-10,84,Alkios,46.094,11.783,28.692,2,4.373,46.094,0,0
2025-05-18,84,Alkios,39.45,9.506,29.716,2,4.395,39.45,0,0
2025-06-01,84,Alkios,42.857,8.862,30.972,4,4.857,42.857,0,0
2025-06-08,84,Alkios,44.444,8.375,30.362,0,4.838,44.444,0,0
2025-06-23,84,Alkios,42.276,11.107,28.156,5,4.423,42.276,0,0
2025-06-29,84,Alkios,42.336,7.511,27.841,0,5.121,42.336,0,0
2025-07-13,84,Alkios,42.268,14.644,27.341,5,3.512,42.268,,
2025-07-20,84,Alkios,43.478,11.534,27.708,2,4.425,43.478,,
2025-07-28,84,Alkios,52.212,14.279,28.467,5,4.051,52.212,,
2025-08-03,84,Alkios,45.455,8.57,29.662,0,4.617,45.455,0,0
2024-05-03,85,AnimeroD,34.0,8.207,26.133,2,3.971,34,0,0
2025-03-12,85,AnimeroD,36.697,8.904,26.197,2,3.675,36.697,0,0
2025-07-24,85,AnimeroD,38.843,8.092,30.227,4,5.021,38.843,,
2024-05-03,90,Kenzou_Tenma,30.233,7.848,23.519,2,3.538,30.233,0,0
2025-03-12,90,Kenzou_Tenma,34.409,8.394,25.789,1,3.469,34.409,0,0
2025-04-15,90,Kenzou_Tenma,33.654,7.306,27.218,2,4.657,33.654,0,0
2025-04-21,90,Kenzou_Tenma,36.22,6.652,28.507,0,4.804,36.22,0,0
2025-05-10,90,Kenzou_Tenma,36.719,8.977,26.861,1,4.489,36.719,0,0
2025-07-13,90,Kenzou_Tenma,32.143,7.005,30.023,0,4.528,32.143,,
2025-07-28,90,Kenzou_Tenma,34.426,7.321,30.591,1,4.619,34.426,,
2025-08-03,90,Kenzou_Tenma,34.694,7.377,31.667,0,4.569,34.694,0,0
2024-05-03,98,comete,35.897,8.729,25.212,2,3.738,35.897,0,0
2024-05-03,98,comete,48.214,13.124,25.639,5,3.63,48.214,0,0
2025-04-15,98,comete,52.672,11.971,29.836,6,4.609,52.672,0,0
2025-05-10,98,comete,55.455,15.953,28.345,1,4.148,55.455,0,0
2025-06-08,98,comete,61.151,16.834,28.481,6,4.235,61.151,0,0
2025-06-15,98,comete,61.682,17.049,30.131,4,3.955,61.682,0,0
2025-06-29,98,comete,60.577,14.861,30.082,1,4.413,60.577,0,0
2025-03-12,100,753,36.697,9.146,26.859,3,3.65,36.697,0,0
2025-04-15,100,753,46.154,7.356,31.084,0,5.017,46.154,0,0
2025-04-21,100,753,44.961,10.108,30.678,0,4.345,44.961,0,0
2025-05-10,100,753,34.127,6.504,30.351,0,4.814,34.127,0,0
2025-05-18,100,753,31.481,5.997,32.859,0,4.824,31.481,0,0
2025-06-01,100,753,45.714,10.153,30.396,3,4.667,45.714,0,0
2024-05-03,106,cafezinho,27.338,5.956,28.805,1,4.711,27.338,0,0
2024-05-03,106,cafezinho,25.0,3.181,28.402,0,5.103,25,0,0
2025-04-21,106,cafezinho,35.0,8.765,33.046,1,4.257,35,0,0
2025-04-28,106,cafezinho,35.821,7.51,31.708,3,4.167,35.821,0,0
2025-05-04,106,cafezinho,37.857,6.375,33.706,1,5,37.857,0,0
2025-05-10,106,cafezinho,41.593,8.775,32.165,1,4.745,41.593,0,0
2025-05-18,106,cafezinho,27.419,5.323,32.957,0,4.824,27.419,0,0
2025-06-15,106,cafezinho,30.841,6.345,30.121,1,4.576,30.841,0,0
2025-06-24,106,cafezinho,35.294,7.054,29.984,1,4.683,35.294,0,0
2025-07-24,106,cafezinho,42.308,8.6,31.911,2,5.023,42.308,,
2025-06-08,109,Ephemeral,26.144,3.157,33.864,0,5.575,26.144,0,0
2025-03-12,113,Maki04,35.2,7.219,28.362,3,4.045,35.2,0,0
2025-04-15,113,Maki04,36.842,8.003,29.654,0,4.543,36.842,0,0
2025-04-28,113,Maki04,43.802,9.537,30.324,4,4.019,43.802,0,0
2025-05-10,113,Maki04,45.545,11.165,30.179,3,4.717,45.545,0,0
2025-06-15,113,Maki04,42.735,8.448,30.322,0,4.44,42.735,0,0
2025-06-23,113,Maki04,42.4,9.134,31.757,1,4.623,42.4,0,0
2025-07-13,113,Maki04,30.579,6.881,30.634,1,4.486,30.579,,
2025-07-20,113,Maki04,46.154,8.343,31.833,0,4.889,46.154,,
2025-07-24,113,Maki04,42.424,10.683,30.118,2,4.238,42.424,,
2025-07-28,113,Maki04,42.308,8.983,30.134,1,4.509,42.308,,
2025-05-10,123,Konsumenci,18.254,5.004,28.665,3,4.478,18.254,0,0
2025-05-26,123,Konsumenci,21.739,4.954,27.043,0,4.657,21.739,0,0
2025-06-01,123,Konsumenci,26.667,5.447,28.137,2,5,26.667,0,0
2025-06-08,123,Konsumenci,27.273,3.507,31.421,0,5.513,27.273,0,0
2025-06-29,123,Konsumenci,20.192,3.53,32.982,1,5.286,20.192,0,0
2025-07-06,123,Konsumenci,32.09,6.461,29.364,2,4.605,32.09,0,0
2025-07-13,123,Konsumenci,17.391,4.153,26.583,0,4.438,17.391,,
2025-07-20,123,Konsumenci,27.642,4.973,28.087,0,5.059,27.642,,
2025-07-28,123,Konsumenci,31.538,5.124,29.208,0,4.951,31.538,,
2025-08-03,123,Konsumenci,27.419,6.17,31.754,2,4.5,27.419,0,0
2025-03-12,134,Jakemonkey,20.168,2.53,31.267,0,4.958,20.168,0,0
2025-05-04,134,Jakemonkey,34.507,7.238,35.877,2,4.551,34.507,0,0
2025-07-06,134,Jakemonkey,32.836,6.242,33.674,3,4.795,32.836,0,0
2025-07-24,134,Jakemonkey,30.769,5.451,33.251,1,5.375,30.769,,
2025-05-18,136,Megu29,21.311,4.411,35.46,1,4.692,21.311,0,0
2025-07-28,136,Megu29,25.658,4.252,32.876,2,5.128,25.658,,
2025-04-21,143,mahzrunner,19.685,2.716,32.638,0,5.32,19.685,0,0
2025-04-28,143,mahzrunner,23.75,3.208,34.676,1,5.053,23.75,0,0
2025-05-04,143,mahzrunner,26.772,4.17,33.123,0,5.235,26.772,0,0
2025-05-10,143,mahzrunner,19.355,3.515,31.037,0,5,19.355,0,0
2025-05-18,143,mahzrunner,14.815,2.004,34.785,0,5.5,14.815,0,0
2025-06-15,143,mahzrunner,24.167,4.738,30.729,0,4.759,24.167,0,0
2025-06-23,143,mahzrunner,22.047,4.384,30.592,0,4.679,22.047,0,0
2025-06-29,143,mahzrunner,13.393,2.484,27.319,0,4.8,13.393,0,0
2025-07-13,143,mahzrunner,23.232,5.523,30.906,0,4.522,23.232,,
2025-07-24,143,mahzrunner,26.446,3.629,30.281,1,5.562,26.446,,
2025-05-04,144,LiljaKatsuragi,29.921,3.806,36.836,0,5.342,29.921,0,0
2025-05-10,144,LiljaKatsuragi,22.115,2.38,33.965,0,5.826,22.115,0,0
2025-06-08,144,LiljaKatsuragi,19.205,2.808,32.957,0,5.552,19.205,0,0
2025-07-24,144,LiljaKatsuragi,21.875,2.226,34.927,0,5.762,21.875,,
2025-04-15,146,Tapumomo_,24.211,2.978,31.52,1,5.565,24.211,0,0
2025-06-15,146,Tapumomo_,22.059,3.134,33.591,0,5.133,22.059,0,0
2024-05-03,148,THE_USUAL,25.41,5.211,27.169,1,4.774,25.41,0,0
2024-05-03,148,THE_USUAL,19.565,3.494,25.562,1,4.667,19.565,0,0
2025-05-04,148,uy5gf,22.857,3.505,32.523,1,5.312,22.857,0,0
2025-06-23,148,THE_USUAL,25.203,3.544,32.925,0,5.516,25.203,0,0
2025-07-13,148,THE_USUAL,29.293,6.286,30.452,1,4.621,29.293,,
2025-07-20,148,THE_USUAL,23.913,4.518,31.186,0,5.091,23.913,,
2025-08-03,148,THE_USUAL,22.43,3.343,33.759,1,5.25,22.43,0,0
2025-05-18,153,Poppysr,35.345,9.988,29.254,1,3.976,35.345,0,0
2025-06-01,153,Poppysr,40.141,10.574,29.48,5,4.386,40.141,0,0
2025-06-08,153,Poppysr,40.945,7.268,30.987,0,4.885,40.945,0,0
2025-06-15,153,Poppysr,46.721,14.161,28.916,5,3.86,46.721,0,0
2025-06-23,153,Poppysr,28.319,7.609,27.838,2,4.188,28.319,0,0
2025-06-29,153,Poppysr,25.0,6.759,29.427,1,4.25,25,0,0
2025-07-06,153,Poppysr,41.322,8.314,29.348,2,4.56,41.322,0,0
2025-07-13,153,Poppysr,27.835,8.074,29.846,1,3.852,27.835,,
2025-07-20,153,Poppysr,29.06,5.381,30.386,0,4.971,29.06,,
2025-07-28,153,Poppysr,37.589,8.094,29.299,3,4.66,37.589,,
2025-03-12,159,legrandort,7.527,1.018,29.214,0,4.714,7.527,0,0
2025-04-28,159,legrandort,16.949,2.779,36.687,0,4.55,16.949,0,0
2025-05-04,159,legrandort,26.056,4.185,37.009,0,5,26.056,0,0
2025-05-10,159,legrandort,17.699,2.903,33.872,1,5.4,17.699,0,0
2025-06-01,159,legrandort,10.084,1.262,37.928,0,5.5,10.084,0,0
2025-06-29,159,legrandort,13.043,0.966,38.073,0,6.2,13.043,0,0
2025-07-06,159,legrandort,21.138,3.445,35.101,1,5.346,21.138,0,0
2024-05-03,160,Skychael,15.132,2.104,26.864,0,5.174,15.132,0,0
2025-05-18,160,Skychael,21.101,3.976,31.441,0,5,21.101,0,0
2025-06-23,160,Skychael,20.0,2.956,28.808,0,5.2,20,0,0
2025-06-29,160,Skychael,27.737,5.919,27.858,0,4.921,27.737,0,0
2025-08-03,160,Skychael,29.032,6.55,29.968,3,4.528,29.032,0,0
2025-06-15,166,gw13,24.265,4.437,33.551,1,4.758,24.265,0,0
2025-07-06,166,gw13,20.611,4.054,34.264,1,4.63,20.611,0,0
2025-04-28,168,AmamiyaSora,28.358,5.336,35.187,5,4.632,28.358,0,0
2025-05-26,168,AmamiyaSora,26.0,3.782,36.176,0,5.615,26,0,0
2025-06-15,168,AmamiyaSora,28.037,4.74,34.613,1,4.9,28.037,0,0
2025-06-24,168,AmamiyaSora,24.691,2.855,34.826,1,5.65,24.691,0,0
2025-07-06,168,AmamiyaSora,30.0,4.102,34.134,0,5.433,30,0,0
2025-07-13,168,AmamiyaSora,28.283,4.447,35.543,0,4.964,28.283,,
2025-07-24,168,AmamiyaSora,28.283,5.355,31.114,1,4.821,28.283,,
2025-04-15,174,a_hooman,6.186,0.918,36.469,0,4.833,6.186,0,0
2025-04-28,174,a_hooman,16.25,2.06,34.398,0,5.231,16.25,0,0
2025-06-24,174,a_hooman,13.281,1.667,35.459,0,5.824,13.281,0,0
2025-07-28,174,a_hooman,11.538,1.631,29.544,1,5.6,11.538,,
2024-05-03,175,Kirox,30.263,2.277,49.399,0,5.717,30.263,0,0
2024-05-03,175,Kirox,15.73,2.729,30.339,0,4.571,15.73,0,0
2025-04-15,175,Kirox,25.954,3.707,33.025,1,5.588,25.954,0,0
2025-04-28,175,Kirox,26.471,4.729,32.283,1,4.306,26.471,0,0
2025-05-04,175,Kirox,27.368,4.117,33.629,0,5.154,27.368,0,0
2025-06-01,175,Kirox,25.18,3.931,32.138,0,5.457,25.18,0,0
2025-06-15,175,Kirox,28.037,5.038,32.772,0,4.7,28.037,0,0
2025-07-13,175,Kirox,26.804,6.053,33.398,1,4.346,26.804,,
2025-07-20,175,Kirox,22.609,3.493,31.355,0,5.385,22.609,,
2025-07-28,175,Kirox,30.496,5.912,31.267,2,4.884,30.496,,
2024-05-03,181,Yolowolf75,49.045,8.67,26.584,5,4.403,49.045,0,0
2024-05-03,181,Yolowolf75,43.478,10.536,26.206,2,3.95,43.478,0,0
2025-03-12,181,Yolowolf75,46.218,8.934,28.865,2,4.109,46.218,0,0
2025-04-21,181,Yolowolf75,56.589,14.767,29.66,2,4.055,56.589,0,0
2025-04-28,181,Yolowolf75,50.0,11.889,32.1,5,3.814,50,0,0
2025-05-04,181,Yolowolf75,54.93,13.527,31.249,5,4.179,54.93,0,0
2025-05-10,181,Yolowolf75,48.438,13.674,29.793,3,4.242,48.438,0,0
2025-05-18,181,Yolowolf75,51.485,12.004,32.038,2,4.519,51.485,0,0
2025-06-15,181,Yolowolf75,49.167,11.005,30.042,2,4.424,49.167,0,0
2024-05-03,201,rorf,13.462,2.578,24.935,1,4.429,13.462,0,0
2025-04-28,201,rorf,23.14,4.788,29.126,2,4.071,23.14,0,0
2025-07-20,201,rorf,23.077,4.384,31.672,1,5.185,23.077,,
2025-07-24,217,ShelterRin,15.929,1.456,36.846,0,5.778,15.929,,
2025-07-24,223,VuhrCulls,9.091,1.415,31.588,0,5.333,9.091,,
2024-05-03,225,MythAndroid,10.744,1.768,27.562,0,4.462,10.744,0,0
2025-06-01,225,MythAndroid,15.108,1.959,34.565,0,5.571,15.108,0,0
2025-06-15,225,MythAndroid,16.667,2.507,36.761,0,5.087,16.667,0,0
2025-08-03,225,MythAndroid,16.667,4.379,34.422,2,4.227,16.667,0,0
2025-04-21,228,Dry,24.823,5.113,30.839,1,4.771,24.823,0,0
2025-04-28,228,Dry,28.75,5.408,31.462,1,4.522,28.75,0,0
2025-05-10,228,Dry,26.882,6.878,29.077,0,4.32,26.882,0,0
2025-06-08,228,Dry,16.547,2.979,32.041,1,5.348,16.547,0,0
2025-06-23,228,Dry,27.559,4.526,29.284,0,4.971,27.559,0,0
2025-07-13,228,Dry,17.355,3.281,29.229,0,4.762,17.355,,
2025-08-03,228,Dry,25.234,3.796,31.43,0,5.037,25.234,0,0
2025-04-21,230,BigSmo,23.0,5.238,34.212,0,4.348,23,0,0
2025-06-24,230,BigSmo,27.778,4.715,33.389,1,5,27.778,0,0
2025-03-12,238,Progenitor,18.557,2.823,31.702,0,4.833,18.557,0,0
2025-04-15,238,Progenitor,20.635,3.147,35.201,1,5.269,20.635,0,0
2025-06-08,238,Progenitor,24.359,2.977,34.296,1,5.816,24.359,0,0
2024-05-03,250,MD22,5.556,1.241,20.792,1,4.167,5.556,0,0
2024-05-03,250,MD22,13.793,1.51,26.308,0,5.375,13.793,0,0
2024-05-03,250,MD22,17.391,2.888,26.993,1,4.75,17.391,0,0
2025-05-18,250,md22,25.253,4.593,34.874,1,5.16,25.253,0,0
2025-07-13,250,md22,30.579,7.257,33.371,2,4.514,30.579,,
2025-03-12,253,Rhummy,5.128,1.452,35.11,1,3.667,5.128,0,0
2025-06-15,253,Rhummy,6.838,1.479,35.94,0,4.375,6.838,0,0
2024-05-03,260,AnotherWish,9.483,1.223,27.26,0,5,9.483,0,0
2024-05-03,260,AnotherWish,10.219,1.985,26.045,0,4.571,10.219,0,0
2024-05-03,260,AnotherWish,10.185,1.182,30.08,0,5.455,10.185,0,0
2025-04-28,260,AnotherWish,17.476,2.252,29.816,0,4.778,17.476,0,0
2025-05-18,260,AnotherWish,21.212,3.683,31.885,0,4.964,21.212,0,0
2025-06-08,260,AnotherWish,18.898,2.028,34.015,0,5.667,18.898,0,0
2025-03-12,263,Tvaz,38.636,7.153,26.794,0,4.118,38.636,0,0
2025-05-10,263,Tvaz,39.785,8.298,29.664,0,4.703,39.785,0,0
2025-05-18,263,Tvaz,35.294,6.146,30.76,0,4.861,35.294,0,0
2025-06-08,263,Tvaz,41.892,7.275,31.459,1,4.919,41.892,0,0
2025-07-06,263,Tvaz,46.341,9.144,30.607,2,4.684,46.341,0,0
2025-07-13,263,Tvaz,41.071,10.05,28.778,2,4.304,41.071,,
2025-07-28,263,Tvaz,42.336,9.736,29.398,1,4.397,42.336,,
2025-08-03,263,Tvaz,40.136,9.73,29.378,3,4.322,40.136,0,0
2024-05-03,268,civiltwlight,65.574,19.611,24.256,6,3.812,65.574,0,0
2024-05-03,268,civiltwlight,70.635,22.517,24.325,11,3.18,70.635,0,0
2024-05-03,268,civiltwlight,74.737,22.717,24.918,8,3.465,74.737,0,0
2025-04-15,268,iryd,71.429,17.585,26.652,5,4.211,71.429,0,0
2025-04-21,268,iryd,70.732,19.462,28.557,4,4.069,70.732,0,0
2025-04-28,268,iryd,67.961,22.745,26.042,13,3.043,67.961,0,0
2025-05-10,268,civiltwlight1,69.841,24.363,27.302,13,3.841,69.841,0,0
2025-06-01,268,iryd,71.429,19.155,27.797,4,4.153,71.429,0,0
2025-06-15,268,iryd,81.618,23.51,28.488,3,3.811,81.618,0,0
2025-06-24,268,iryd,76.562,25.225,27.318,12,3.673,76.562,0,0
2024-05-03,271,mitsorubi,13.939,0.696,25.38,0,5.435,13.939,0,0
2024-05-03,271,mitsorubi,12.821,2.942,25.779,1,4.067,12.821,0,0
2024-05-03,271,mitsorubi,11.927,1.519,29.46,0,5.308,11.927,0,0
2025-03-12,271,mitsorubi,11.364,1.344,32.651,0,5.2,11.364,0,0
2025-04-21,271,mitsorubi,8.13,0.543,36.004,0,6.3,8.13,0,0
2025-06-08,271,mitsorubi,13.514,2.727,33.837,0,5,13.514,0,0
2025-06-24,271,mitsorubi,13.58,1.746,36.549,0,5.636,13.58,0,0
2025-04-28,276,hmsuis,35.537,8.099,30.827,4,4,35.537,0,0
2025-05-04,276,aimyon,36.036,7.729,31.539,3,4.575,36.036,0,0
2025-05-10,276,hmsuis,40.909,7.662,31.396,1,4.889,40.909,0,0
2025-05-18,276,aimyon,29.032,6.123,32.395,1,4.806,29.032,0,0
2025-05-26,276,hmsuis,30.387,5.563,30.125,1,5.182,30.387,0,0
2025-06-01,276,hmsuis,40.0,6.32,30.914,0,5.095,40,0,0
2025-06-08,276,hmsuis,40.397,7.346,30.535,1,5.033,40.397,0,0
2025-07-06,276,aimyon,46.0,8.464,30.043,1,4.913,46,0,0
2025-07-13,276,hmsuis,35.294,6.56,33.604,3,4.905,35.294,,
2025-08-03,276,hmsuis,40.8,8.275,31.95,0,4.529,40.8,0,0
2025-04-21,277,Chemist,33.333,6.447,29.667,2,4.951,33.333,0,0
2025-07-06,277,Chemist,41.0,7.696,29.803,3,5,41,0,0
2024-05-03,285,miiarad,6.977,1.034,31.942,0,4.667,6.977,0,0
2025-03-12,285,miiarad,16.0,2.565,31.022,0,4.45,16,0,0
2025-04-28,285,miiarad,18.657,3.735,32.469,3,4.4,18.657,0,0
2025-06-23,285,miiarad,20.69,2.254,31.294,0,5.792,20.69,0,0
2025-07-13,285,miiarad,26.786,6.982,30.568,2,4.3,26.786,,
2025-05-18,289,KushamiTasukaru,20.492,3.863,31.367,0,4.92,20.492,0,0
2025-05-26,289,KushamiTasukaru,24.667,4.555,30.6,0,5.324,24.667,0,0
2025-06-01,289,provenance,31.69,4.918,31.65,0,5.089,31.69,0,0
2025-06-08,289,provenance,38.129,6.207,31.376,0,5.094,38.129,0,0
2025-06-23,289,provenance,29.268,6.616,31.32,5,5.056,29.268,0,0
2025-06-24,289,provenance,27.059,5.553,30.302,2,4.826,27.059,0,0
2025-06-29,289,provenance,26.923,3.689,32.564,1,5.771,26.923,0,0
2025-07-06,289,provenance,27.642,4.72,31.744,3,5.206,27.642,0,0
2025-07-28,289,provenance,32.847,7.037,29.591,3,4.733,32.847,,
2025-08-03,289,provenance,31.655,6.765,32.377,3,4.909,31.655,0,0
2025-03-12,291,ss_r_white_pony,17.526,3.442,27.127,1,4.412,17.526,0,0
2025-07-24,291,sunshine_r_w_p,13.542,2.553,33.628,0,4.923,13.542,,
2025-07-24,301,channina,87.356,33.529,26.156,11,3.395,87.356,,
2024-05-03,307,KaedeDayo,28.676,5.616,29.999,1,4.846,28.676,0,0
2025-05-04,307,KaedeDayo,42.143,6.724,33.336,2,5.068,42.143,0,0
2025-05-18,307,KaedeDayo,42.424,8.366,34.613,2,4.821,42.424,0,0
2025-06-08,307,KaedeDayo,47.436,7.545,34.139,2,5.243,47.436,0,0
2025-07-28,307,KaedeDayo,36.923,8.177,33.209,2,4.438,36.923,,
2025-08-03,307,KaedeDayo,41.406,8.76,31.941,0,4.585,41.406,0,0
2024-05-03,311,beautiful,19.626,2.7,30.605,0,5.381,19.626,0,0
2025-06-01,311,beautiful,42.857,8.156,32.628,2,4.937,42.857,0,0
2025-06-08,311,beautiful,46.853,8.593,31.166,1,4.896,46.853,0,0
2025-06-15,311,SAVAGEGENIUS,43.382,7.691,32.731,0,4.712,43.382,0,0
2025-06-29,311,SAVAGEGENIUS,44.355,8.997,31.569,1,4.945,44.355,0,0
2025-07-20,311,beautiful,36.957,7.973,30.695,0,4.706,36.957,,
2025-07-24,311,beautiful,44.231,8.237,31.295,3,5.152,44.231,,
2025-07-28,311,beautiful,43.119,8.74,34.126,1,4.617,43.119,,
2025-07-13,322,KasumiYozora,19.328,3.053,37.158,1,5.261,19.328,,
2025-07-28,322,KasumiYozora,19.266,3.184,38.677,0,5.19,19.266,,
2025-06-01,324,KNotAnyMore,29.688,3.814,35.634,0,5.684,29.688,0,0
2025-05-10,325,Swapin,29.365,5.723,34.263,0,4.784,29.365,0,0
2025-05-18,325,Swapin,34.483,6.663,37.982,0,4.7,34.483,0,0
2025-06-08,325,Swapin,25.899,4.063,33.546,1,5.389,25.899,0,0
2025-06-15,325,Swapin,38.525,7.014,35.539,1,4.745,38.525,0,0
2025-06-23,325,Swapin,35.2,6.612,35.393,1,4.841,35.2,0,0
2025-06-29,325,Swapin,32.174,4.508,33.265,0,5.351,32.174,0,0
2025-07-06,325,Swapin,29.104,5.181,31.892,0,4.718,29.104,0,0
2025-07-13,325,Swapin,33.696,7.659,32.534,1,4.29,33.696,,
2025-07-28,325,Swapin,28.44,4.104,36.451,0,5.129,28.44,,
2025-08-03,325,Swapin,28.676,6.496,33.02,0,4.487,28.676,0,0
2025-05-10,327,Flato,32.692,7.092,33.95,3,5.059,32.692,0,0
2025-05-18,327,Flato,32.787,6.944,35.992,2,4.625,32.787,0,0
2025-06-08,327,Flato,37.063,5.52,31.908,1,5.226,37.063,0,0
2025-06-23,327,Flato,35.577,9.904,31.932,2,4.081,35.577,0,0
2025-06-24,327,Flato,28.906,5.416,34.072,1,4.838,28.906,0,0
2025-06-29,327,Flato,26.786,7.048,30.805,2,4.367,26.786,0,0
2025-07-06,327,Flato,33.058,6.614,33.914,2,4.65,33.058,0,0
2025-07-20,327,Flato,27.184,5.378,32.352,1,5.143,27.184,,
2025-07-24,327,Flato,34.513,8.231,32.193,2,4.487,34.513,,
2025-07-28,327,Flato,34.211,6.141,31.706,1,4.827,34.211,,
2025-04-15,330,_nadeshiko,49.533,11.9,29.951,2,4.302,49.533,0,0
2025-06-08,330,_nadeshiko,57.051,13.181,29.819,6,4.685,57.051,0,0
2025-07-06,330,_nadeshiko,51.111,12.293,30.765,5,4.304,51.111,0,0
2025-06-24,336,fiftypercentweeb,22.941,3.675,33.302,1,5.154,22.941,0,0
2025-08-03,336,fiftypercentweeb,23.81,5.966,33.446,1,4.229,23.81,0,0
2025-06-08,338,ranny,15.827,2.722,30.664,2,5.5,15.827,0,0
2025-07-24,338,ranny,19.54,4.369,30.3,1,4.824,19.54,,
2024-05-03,357,chommy,2.885,0.648,23.871,0,4,2.885,0,0
2025-04-28,357,chommy,3.676,0.406,33.062,0,5.2,3.676,0,0
2025-05-04,357,chommy,6.316,0.569,31.905,0,6.167,6.316,0,0
2025-06-23,357,chommy,4.808,0.515,33.302,0,6,4.808,0,0
2025-07-28,357,chommy,3.279,0.198,33.706,0,6.75,3.279,,
2025-08-03,357,chommy,5.6,0.665,35.004,0,5.571,5.6,0,0
2025-04-15,365,spanky,20.43,6.628,25.459,3,3.895,20.43,0,0
2025-05-18,365,spanky,26.471,7.417,25.919,2,4.185,26.471,0,0
2025-07-28,365,spanky,33.628,9.998,24.837,5,4,33.628,,
2025-06-01,368,arpia97,17.687,1.95,36.293,0,5.731,17.687,0,0
2025-07-28,368,arpia97,11.679,2.195,33.638,0,5.062,11.679,,
2025-06-01,369,florenz,56.115,13.328,30.268,3,4.615,56.115,0,0
2025-06-24,369,florenz,51.765,13.269,30.58,6,4.227,51.765,0,0
2025-06-29,369,florenz,59.13,13.314,29.31,1,4.559,59.13,0,0
2025-07-28,369,florenz,63.816,14.979,30.602,5,4.34,63.816,,
2025-08-03,370,Andrey_K,25.899,5.476,32.269,2,4.944,25.899,0,0
2025-07-24,373,harges,24.138,4.501,36.459,0,4.857,24.138,,
2025-04-28,376,qwecocacola,15.217,2.793,34.227,2,4.619,15.217,0,0
2025-06-23,376,qwecocacola,16.814,3.039,33.507,2,5.211,16.814,0,0
2025-06-01,379,CipherKai,25.18,3.767,37.891,1,5.457,25.18,0,0
2025-06-15,379,CipherKai,21.368,3.201,37.624,0,4.96,21.368,0,0
2025-08-03,379,JulietPersia,25.735,5.561,36.276,1,4.571,25.735,0,0
2025-03-12,381,Gokozinho,16.129,3.189,28.048,0,4.067,16.129,0,0
2025-06-24,381,Gokozinho,19.136,2.679,35.808,0,5.387,19.136,0,0
2025-07-20,381,Gokozinho,14.783,1.724,35.642,0,5.765,14.783,,
2025-04-15,384,Miki_Hoshii,79.231,20.599,28.166,6,4.117,79.231,0,0
2025-05-04,384,Miki_Hoshii,82.105,27.371,27.011,8,3.538,82.105,0,0
2025-05-10,384,Miki_Hoshii,76.344,28.423,27.196,10,3.676,76.344,0,0
2025-05-26,384,Miki_Hoshii,77.901,27.95,26.674,18,3.844,77.901,0,0
2025-06-01,384,Miki_Hoshii,81.69,24.865,28.789,12,3.983,81.69,0,0
2025-06-15,384,Miki_Hoshii,78.632,25.627,27.851,6,3.522,78.632,0,0
2025-06-24,384,Miki_Hoshii,79.63,25.034,28.022,11,3.698,79.63,0,0
2025-04-28,386,Coglionedown,38.806,8.551,32.036,2,4.019,38.806,0,0
2025-05-18,386,Coglionedown,35.514,8.445,32.812,1,4.421,35.514,0,0
2025-06-01,386,Coglionedown,33.333,5.127,34.372,0,5.333,33.333,0,0
2025-06-23,386,Coglionedown,36.207,5.847,33.337,0,5.048,36.207,0,0
2025-06-29,386,Coglionedown,40.0,7.783,32.747,1,5.115,40,0,0
2025-07-06,386,Coglionedown,46.667,8.861,33.713,1,4.635,46.667,0,0
2025-07-13,386,Coglionedown,38.043,9.51,32.867,2,4.171,38.043,,
2025-07-20,386,Coglionedown,42.718,10.021,30.377,2,4.75,42.718,,
2025-07-28,386,Coglionedown,36.885,7.172,33.202,1,4.756,36.885,,
2025-08-03,386,Coglionedown,46.763,12.252,30.387,2,4.246,46.763,0,0
2025-06-15,389,Sharet,27.586,4.413,35.247,0,4.844,27.586,0,0
2025-06-01,393,Kyuuuu,11.429,2.182,36.59,0,5.083,11.429,0,0
2025-07-06,394,MizukiNana,22.222,3.759,33.657,0,4.8,22.222,0,0
2025-07-28,394,MizukiNana,20.769,4.188,34.252,2,4.704,20.769,,
2025-07-20,398,kabao,28.448,4.87,34.316,0,5.121,28.448,,
2025-08-03,398,kabao,24.219,3.849,34.717,0,5.194,24.219,0,0
2025-06-15,399,ElJuanchi,9.483,1.967,36.123,0,4.545,9.483,0,0
2025-06-15,400,Vr0003,21.605,3.861,31.833,1,4.886,21.605,0,0
2025-08-03,403,SetoSun,27.103,4.076,36.454,0,5.034,27.103,0,0
2025-08-03,405,anicomi,13.235,1.865,33.775,0,5.333,13.235,0,0
2025-07-20,406,Kawada6,85.47,25.9,28.172,7,4.02,85.47,,
2025-07-28,406,Kawada6,75.385,22.276,27.64,7,3.888,75.385,,
