Player Name,guess rate,usefulness,avg diff,erigs,avg /8 correct,OP guess rate,,
,,,,,,,,
2024-01-16,,,,,,,,
YoshiApelao,68.696,,22.335,9,3.278,68.696,0,
PulseVorteX,64.865,,20.847,3,3.694,64.865,0,
paperyoshi10,63.063,,25.287,7,3.543,63.063,0,
vsai,55.856,,22.364,4,3.806,55.856,0,
Kiishua,53.409,,22.19,3,3.66,53.409,0,
mkby,52.941,,24.388,5,4.181,52.941,0,
Keiko,45.045,,23.96,2,3.82,45.045,0,
kar72,42.857,,25.998,2,3.911,42.857,0,
oh95,40.909,,25.744,2,4.472,40.909,0,
Edwardd,39.13,,22.431,2,3.6,39.13,0,
Rissa,38.971,,26.569,3,4.094,38.971,0,
koroshiya,37.838,,22.659,0,3.667,37.838,0,
Kenzou_Tenma,36.937,,24.807,0,4.268,36.937,0,
AnimeroD,36.19,,24.843,1,3.974,36.19,0,
Cosanostra,33.824,,25.549,2,4.587,33.824,0,
MrWolf,23.864,,27.278,0,4.667,23.864,0,
Janoxx,20.455,,23.885,1,4.611,20.455,0,
Zeal_Kido,20,,24.582,0,4.333,20,0,
JuliAless64,20,,29.579,1,4.238,20,0,
LelPop,13.913,,24.008,0,4.938,13.913,0,
NOUGATMONSTER,12.613,,27.965,0,4.929,12.613,0,
mahzrunner,11.712,,27.055,0,4.923,11.712,0,
Bui,10.435,,30.319,1,4.667,10.435,0,
,,,,,,,,
2024-01-26,,,,,,,,
comfv,79.389,,22.352,11,3.923,79.389,0,0
paperyoshi10,66.116,,25.29,5,4.35,66.116,0,0
PulseVorteX,57.639,,21.864,6,4.337,57.639,0,0
vsai,54.198,,21.052,2,4.268,54.198,0,0
mkby,53.719,,25.442,3,4.754,53.719,0,0
kar72,51.389,,24.032,1,4.622,51.389,0,0
TaylorSwift,46.774,,24.546,2,4.862,46.774,0,0
ArronChu,42.742,,24.543,1,4.887,42.742,0,0
oh95,38.017,,26.202,1,4.978,38.017,0,0
Edwardd,37.097,,21.816,1,4.87,37.097,0,0
Rissa,36.111,,25.056,5,4.269,36.111,0,0
Maki04,34.351,,28.218,1,4.889,34.351,0,0
Cosanostra,29.032,,23.596,3,5.056,29.032,0,0
Janoxx,28.244,,23.238,0,4.811,28.244,0,0
SaikiChan,25.694,,27.918,0,5.027,25.694,0,0
Konsumenci,18.182,,27.074,1,5.318,18.182,0,0
,,,,,,,,
2024-01-28,,,,,,,,
Chistoso,73.184,,22.482,3,4.527,73.184,0,0
comfv,73.077,,22.356,10,4.444,73.077,0,0
paperyoshi10,67.476,,25.204,2,5.209,67.476,0,0
MelShidou,62.136,,23.753,1,5.203,62.136,0,0
asd4321,60.44,,24.768,3,4.918,60.44,0,0
PulseVorteX,58.201,,21.493,6,4.664,58.201,0,0
vsai,54.749,,21.962,3,4.776,54.749,0,0
mkby,53.968,,22.332,0,4.961,53.968,0,0
oh95,45.146,,26.453,0,5.882,45.146,0,0
Rissa,42.857,,22.822,3,4.988,42.857,0,0
watashiii,41.27,,24.34,2,4.846,41.27,0,0
DKing20,40.777,,27.851,0,5.81,40.777,0,0
SPYAIR,40.659,,27.115,0,5.514,40.659,0,0
AnimeroD,37.989,,24.069,0,5.059,37.989,0,0
Tvaz,28.492,,25.298,0,5.745,28.492,0,0
THE_USUAL,22.527,,26.331,1,5.927,22.527,0,0
,,,,,,,,
2024-03-15,,,,,,,,
Chistoso,87.023,,21.238,11,3.798,87.023,0,0
comfv,75.41,,20.044,3,3.859,75.41,0,0
vsai,74.545,,21.147,5,4.012,74.545,0,0
Kiishua,67.308,,22.913,3,4.086,67.308,0,0
paperyoshi10,64.925,,24.599,5,4.46,64.925,0,0
mkby,61.261,,24.299,0,4.294,61.261,0,0
PulseVorteX,59.091,,21.572,0,4.4,59.091,0,0
FORTNAYT,58.559,,25.607,2,4.292,58.559,0,0
Thaleko,52.239,,25.171,0,4.871,52.239,0,0
Diukes,46.565,,22.98,0,4.541,46.565,0,0
koroshiya,41.818,,23.422,1,4.826,41.818,0,0
Chata,41.791,,26.441,0,5.321,41.791,0,0
Baguett,40.984,,25.948,1,4.6,40.984,0,0
PoolNoodle,40.458,,24.752,2,4.792,40.458,0,0
Edwardd,39.423,,22.011,2,4.439,39.423,0,0
MrWolf,32.787,,20.343,1,4.625,32.787,0,0
SaikiChan,25.225,,26.224,0,5.143,25.225,0,0
Octavio,23.077,,26.976,2,4.875,23.077,0,0
Konsumenci,22.951,,25.324,0,5.25,22.951,0,0
Shortcake,20.721,,23.421,0,4.783,20.721,0,0
Kirox,18.269,,30.045,0,5.632,18.269,0,0
AmamiyaSora,15.672,,30.472,0,6.095,15.672,0,0
Nefregar,12.727,,29.976,0,5.571,12.727,0,0
Neumann,9.924,,27.694,1,5.846,9.924,0,0
,,,,,,,,
2024-03-20,,,,,,,,
AKl,86.503,,22.048,14,3.738,86.503,0,0
Kiishua,73.711,,23.98,10,3.965,73.711,0,0
paperyoshi10,67.614,,25.524,3,4.286,67.614,0,0
mkby,56.818,,24.807,4,4.38,56.818,0,0
asd4321,54.237,,23.489,5,4.167,54.237,0,0
Edwardd,45.876,,24.557,5,4.472,45.876,0,0
OnlyWorldDaiStar,42.045,,26.208,1,4.986,42.045,0,0
Yolowolf75,39.548,,26.697,2,4.814,39.548,0,0
Rissa,37.113,,26.768,0,4.653,37.113,0,0
Zeal_Kido,28.221,,26.396,1,4.978,28.221,0,0
MrWolf,25.989,,23.695,4,4.326,25.989,0,0
cafezinho,22.599,,27.84,0,5.35,22.599,0,0
uy5gf,18.041,,28.999,0,5.743,18.041,0,0
mahzrunner,16.477,,30.152,0,5.138,16.477,0,0
,,,,,,,,
2024-04-13,,,,,,,,
MikasaAckerman,94.675,,21.633,7,3.794,94.675,0,0
AKl,85.897,,21.725,6,3.754,85.897,0,0
RAlVA,85.714,,23.586,6,3.993,85.714,0,0
Baikinman,67.442,,23.143,3,4.233,67.442,0,0
Diukes,48.837,,25.874,0,4.667,48.837,0,0
OnlyWorldDaiStar,41.667,,26.857,0,4.923,41.667,0,0
Rissa,39.053,,26.394,1,5.015,39.053,0,0
Alkios,32.051,,25.534,0,5.06,32.051,0,0
Maki04,31.977,,28.475,1,5.218,31.977,0,0
Sjoe,31.677,,25.427,0,4.961,31.677,0,0
Tvaz,31.056,,26.908,0,5.08,31.056,0,0
JuliAless64,31.056,,29.133,0,5.38,31.056,0,0
Janoxx,30.178,,26.234,0,5.314,30.178,0,0
MahiruShiina,28.488,,26.453,0,5.122,28.488,0,0
Kirox,23.077,,26.88,0,5.641,23.077,0,0
mahzrunner,12.821,,28.108,0,5.85,12.821,0,0
,,,,,,,,
2024-04-22,,,,,,,,
,,,,,,,,
RAlVA,83.2,,22.465,15,3.538,83.2,0,0
Baikinman,58.333,,22.298,9,4.048,58.333,0,0
civiltwlight,58.333,,23.996,4,4.31,58.333,0,0
mkby,53.691,,22.65,1,4.4,53.691,0,0
kar72,49.275,,25.633,3,4.279,49.275,0,0
OnlyWorldDaiStar,48,,26.379,2,4.467,48,0,0
Diukes,43.478,,24.218,2,4.3,43.478,0,0
GabrielaRobin,42.953,,23.622,3,4.578,42.953,0,0
Kenzou_Tenma,42.754,,22.623,1,4.22,42.754,0,0
Alkios,37.6,,25.369,0,4.681,37.6,0,0
Zeal_Kido,27.778,,25.422,1,4.875,27.778,0,0
Maki04,25.503,,27.508,0,5.079,25.503,0,0
Konsumenci,19.463,,23.167,1,4.966,19.463,0,0
Kirox,14.493,,29.057,0,5.1,14.493,0,0
MD22,13.194,,32.91,0,5.947,13.194,0,0
mitsorubi,1.6,,26.764,0,6,1.6,0,0
,,,,,,,,
2024-04-27,,,,,,,,
AKl,86.26,,21.637,15,3.549,86.26,0,0
RAlVA,81.395,,20.243,6,3.5,81.395,0,0
Hejsan,75.524,,21.634,6,3.769,75.524,0,0
Baikinman,67.717,,23.63,5,4,67.717,0,0
vsai,66.667,,22.418,8,3.583,66.667,0,0
civiltwlight,65.833,,25.105,3,4.165,65.833,0,0
FORTNAYT,60.484,,25.647,6,4.347,60.484,0,0
PulseVorteX,58.14,,21.142,1,3.84,58.14,0,0
Baguett,51.88,,26.692,1,4.928,51.88,0,0
OnlyWorldDaiStar,46.617,,25.958,0,5.097,46.617,0,0
kar72,46.457,,26.368,3,4.542,46.457,0,0
oh95,44.355,,27.017,2,4.727,44.355,0,0
PoolNoodle,41.667,,25.067,1,4.244,41.667,0,0
Keiko,40.833,,26.486,4,4.633,40.833,0,0
Kenzou_Tenma,39.86,,23.966,2,4.404,39.86,0,0
Chata,39.86,,25.054,0,4.789,39.86,0,0
Sniparook,39.167,,25.577,4,4.638,39.167,0,0
Maki04,38.168,,27.695,0,4.74,38.168,0,0
Himemiya,37.594,,26.521,4,5.2,37.594,0,0
Alkios,36.09,,26.279,2,5.208,36.09,0,0
JuliAless64,32.824,,27.55,0,5.163,32.824,0,0
Rissa,32.407,,23.542,1,3.971,32.407,0,0
Janoxx,26.772,,22.983,0,4.824,26.772,0,0
SaikiChan,26.613,,27.708,0,4.939,26.613,0,0
Legitted,22.581,,26.582,0,5.357,22.581,0,0
icefeed2,18.898,,29.515,0,5.208,18.898,0,0
Konsumenci,18.605,,26.016,0,4.938,18.605,0,0
Progenitor,16.794,,32.493,0,5.5,16.794,0,0
mahzrunner,12.037,,29.273,0,5,12.037,0,0
mitsorubi,9.79,,25.336,0,5.929,9.79,0,0
PandoraSC,9.167,,32.768,0,6.091,9.167,0,0
MD22,8.14,,30.469,0,5.714,8.14,0,0
,,,,,,,,
2024-05-03,,,,,,,,
vsai,75.316,,22.51,13,4.143,75.316,0,0
paperyoshi10,65,,26.429,7,4.615,65,0,0
FORTNAYT,59.603,,25.575,4,4.678,59.603,0,0
Baguett,52.5,,26.975,6,4.917,52.5,0,0
GabrielaRobin,51.899,,25.237,1,5.012,51.899,0,0
kar72,51.351,,25.134,2,4.716,51.351,0,0
Keiko,43.784,,25.678,1,4.852,43.784,0,0
oh95,43.046,,25.628,3,4.938,43.046,0,0
erjeky123,41.722,,26.534,0,5.381,41.722,0,0
Maki04,34.375,,30.257,0,5.564,34.375,0,0
Janoxx,34.177,,25.939,2,5.056,34.177,0,0
SaikiChan,27.215,,26.028,1,5.326,27.215,0,0
Konsumenci,26.875,,29.92,0,5.953,26.875,0,0
cafezinho,21.192,,28.819,0,5.656,21.192,0,0
mitsorubi,9.189,,27.488,0,5.765,9.189,0,0
,,,,,,,,
,,,,,,,,
Baikinman,66.851,,23.182,11,3.694,66.851,0,0
vsai,66.165,,23.968,11,3.614,66.165,0,0
Mami,47.368,,25.535,1,4.175,47.368,0,0
AnimeroD,40.602,,27.322,0,4.296,40.602,0,0
OnlyWorldDaiStar,40.331,,25.792,0,4.37,40.331,0,0
Maki04,30.387,,27.546,0,4.764,30.387,0,0
mahzrunner,19.337,,27.268,1,4.714,19.337,0,0
madcuzbad,16.541,,31.262,1,4.909,16.541,0,0
,,,,,,,,
,,,,,,,,
civiltwlight,71.528,14.464,25.366,2,4.272,71.528,0,0
Baikinman,67.763,15.914,23.675,4,4.029,67.763,0,0
yahallonyanpasu,63.03,16.897,22.742,8,3.865,63.03,0,0
PulseVorteX,61.212,13.07,22.591,4,4.168,61.212,0,0
FORTNAYT,60.51,11.647,25.858,2,4.263,60.51,0,0
OnlyWorldDaiStar,50.694,5.581,26.926,0,4.808,50.694,0,0
Yolowolf75,49.045,8.67,26.584,5,4.403,49.045,0,0
koroshiya,45.395,8.2,23.395,4,4.42,45.395,0,0
Maki04,43.75,6.036,27.129,1,4.762,43.75,0,0
MrWolf,33.121,7.155,23.01,3,4.212,33.121,0,0
Rissa,32.895,2.859,27.117,0,4.98,32.895,0,0
SaikiChan,31.515,3.131,25.844,2,4.865,31.515,0,0
mahzrunner,19.745,0.783,26.739,0,5.516,19.745,0,0
Aranha,15.972,1.651,28.917,1,5.391,15.972,0,0
Skychael,15.132,2.104,26.864,0,5.174,15.132,0,0
mitsorubi,13.939,0.696,25.38,0,5.435,13.939,0,0
,,,,,,,,
,,,,,,,,
civiltwlight,67.361,15.82,33.544,5,4.216,67.361,0,0
PulseVorteX,53.947,14.511,32.841,9,4.268,53.947,0,0
GabrielaRobin,51.825,13.867,30.979,7,4.099,51.825,0,0
OnlyWorldDaiStar,50.345,9.271,36.11,6,4.603,50.345,0,0
Alkios,49.655,7.439,35.28,1,4.847,49.655,0,0
Maki04,46.711,6.408,40.683,1,5.028,46.711,0,0
oh95,45.833,7.603,34.637,1,4.712,45.833,0,0
Edwardd,42.069,8.106,33.471,3,4.689,42.069,0,0
Pile,34.307,8.226,31.255,4,4.34,34.307,0,0
Kirox,30.263,2.277,49.399,0,5.717,30.263,0,0
MoltenAshes,29.927,3.702,38.697,0,5.171,29.927,0,0
SaikiChan,29.167,2.627,41.345,0,5.452,29.167,0,0
Janoxx,28.947,4.608,38.26,2,5.159,28.947,0,0
mahzrunner,20.139,2.572,43.483,0,5.448,20.139,0,0
yasashiikumo,17.518,0.764,38.634,0,6,17.518,0,0
,,,,,,,,
,,,,,,,,
Baikinman,68.519,24.581,22.631,10,2.689,68.519,0,0
isabella,63.248,21.086,22.524,11,3.027,63.248,0,0
ZephaniJong,40.517,11.794,25.492,9,3.511,40.517,0,0
Baguett,39.535,11.109,24.695,5,3.412,39.535,0,0
oh95,38.889,11.801,28.59,5,3.262,38.889,0,0
MrWolf,37.097,12.119,20.481,9,3.174,37.097,0,0
comete,35.897,8.729,25.212,2,3.738,35.897,0,0
Maki04,33.871,9.14,25.693,3,3.548,33.871,0,0
Rissa,31.897,7.379,26.343,2,3.946,31.897,0,0
Janoxx,31.452,8.56,23.444,2,3.462,31.452,0,0
Kenzou_Tenma,30.233,7.848,23.519,2,3.538,30.233,0,0
ShiinaMahiru,24.031,6.742,26.647,5,3.548,24.031,0,0
RealAnimeWatcher,22.222,5.211,30.514,0,3.75,22.222,0,0
Galvion4k,19.444,5.058,26.018,1,3.429,19.444,0,0
SaikiChan,18.966,3.693,25.697,0,4.273,18.966,0,0
Konsumenci,18.803,3.836,24.221,1,4.182,18.803,0,0
lilycat,18.519,5.568,23.511,2,3.25,18.519,0,0
SakuraMitsutsuki,17.593,3.85,29.457,0,3.947,17.593,0,0
Serozero,12.963,2.375,29.609,1,4.5,12.963,0,0
mahzrunner,12.903,1.934,27.954,0,4.688,12.903,0,0
mitsorubi,12.821,2.942,25.779,1,4.067,12.821,0,0
AnotherWish,9.483,1.223,27.26,0,5,9.483,0,0
miiarad,6.977,1.034,31.942,0,4.667,6.977,0,0
MD22,5.556,1.241,20.792,1,4.167,5.556,0,0
,,,,,,,,
,,,,,,,,
AKl,83.486,28.089,23.793,12,3.571,83.486,0,0
civiltwlight,65.574,19.611,24.256,6,3.812,65.574,0,0
Baikinman,63.971,22.215,23.26,11,3.506,63.971,0,0
Alkios,48.201,12.78,25.063,4,4.104,48.201,0,0
ZephaniJong,48.175,12.961,27.242,4,4,48.175,0,0
oh95,47.706,10.728,26.954,1,4.346,47.706,0,0
PoolNoodle,43.925,11.953,26.776,5,4.213,43.925,0,0
PulseVorteX,43.066,12.459,24.332,6,3.915,43.066,0,0
GabrielaRobin,42.056,10.066,26.497,3,4.378,42.056,0,0
chaabdu92,37.41,8.566,27.873,1,4.481,37.41,0,0
Maki04,36.885,9.052,26.265,3,4.356,36.885,0,0
Janoxx,35.971,9.342,24.993,1,4.18,35.971,0,0
JuliAless64,28.676,6.735,27.108,2,4.436,28.676,0,0
KaedeDayo,28.676,5.616,29.999,1,4.846,28.676,0,0
cafezinho,27.338,5.956,28.805,1,4.711,27.338,0,0
ShiinaMahiru,27.049,4.427,29.225,0,4.939,27.049,0,0
THE_USUAL,25.41,5.211,27.169,1,4.774,25.41,0,0
MrWolf,24.818,7.439,23.293,4,3.941,24.818,0,0
Konsumenci,21.495,3.701,27.732,0,5.087,21.495,0,0
lilycat,20.588,4.5,28.95,2,4.857,20.588,0,0
SaikiChan,20.183,3.934,26.945,1,4.682,20.183,0,0
beautiful,19.626,2.7,30.605,0,5.381,19.626,0,0
mitsorubi,11.927,1.519,29.46,0,5.308,11.927,0,0
AnotherWish,10.219,1.985,26.045,0,4.571,10.219,0,0
,,,,,,,,
,,,,,,,,
civiltwlight,70.635,22.517,24.325,11,3.18,70.635,0,0
NyanFey,68.627,22.714,23.609,9,3.086,68.627,0,0
Baikinman,68.103,22.236,23.202,15,3.329,68.103,0,0
YuriMeguri,48.864,15.697,24.63,6,3.163,48.864,0,0
ZephaniJong,47.619,12.093,27.114,1,3.7,47.619,0,0
Alzheimers,46.429,15.653,24.146,10,3.282,46.429,0,0
ruuka,37.302,9.136,26.674,2,3.723,37.302,0,0
neoburnz,36.275,8.436,26.976,1,3.865,36.275,0,0
ChrisLefko,35.897,9.271,25.89,1,3.679,35.897,0,0
ShiinaMahiru,35.345,7.197,27.067,1,4.293,35.345,0,0
Zeal_Kido,32.051,7.733,25.947,1,3.92,32.051,0,0
cafezinho,25,3.181,28.402,0,5.103,25,0,0
provenance,24.603,5.357,25.395,0,3.968,24.603,0,0
FeyFey,24.51,5.922,25.815,2,3.88,24.51,0,0
LelPop,21.795,4.169,25.65,0,4.471,21.795,0,0
lilycat,21.429,3.571,28.376,0,4.611,21.429,0,0
Aranha,16.667,2.56,32.655,0,4.714,16.667,0,0
Janoxx,15.909,2.831,26.491,0,4.357,15.909,0,0
eaJ,15.385,3.526,30.002,0,4.167,15.385,0,0
MD22,13.793,1.51,26.308,0,5.375,13.793,0,0
xeyz,11.364,1.883,34.188,0,4.5,11.364,0,0
Oshino_bu,5.682,0.682,30.079,0,5.2,5.682,0,0
PleaseTy,5.556,0.885,29.782,0,4.429,5.556,0,0
Meowstic2121,2.941,0.438,30.854,0,4.667,2.941,0,0
,,,,,,,,
,,,,,,,,
AKl,85.95,31.944,22.464,29,2.856,85.95,0,0
Maki04,49.123,10.042,27.278,1,4.161,49.123,0,0
comete,48.214,13.124,25.639,5,3.63,48.214,0,0
GabrielaRobin,43.82,12.154,25.477,4,3.564,43.82,0,0
oh95,42.593,10.237,28.012,5,4.065,42.593,0,0
OnlyWorldDaiStar,42.105,8.507,26.463,3,4.271,42.105,0,0
Baguett,41.667,9.692,26.561,2,3.956,41.667,0,0
ZephaniJong,40.741,9.313,27.181,3,4.114,40.741,0,0
gro,39.815,12.806,22.51,9,3.349,39.815,0,0
Alkios,37.5,9.293,25.555,3,3.857,37.5,0,0
Chata,31.405,6.316,25.976,0,4.026,31.405,0,0
aimyon,29.63,4.841,28.778,0,4.562,29.63,0,0
SaikiChan,28.704,7.243,27.203,4,4.065,28.704,0,0
ShiinaMahiru,25.843,4.632,28.051,0,4.348,25.843,0,0
lilycat,25.439,4.911,26.7,2,4.483,25.439,0,0
provenance,24.107,5.035,26.769,2,4.296,24.107,0,0
denero,23.148,4.869,29.394,2,4.28,23.148,0,0
Neumann,22.321,5.226,29.224,4,4.16,22.321,0,0
mahzrunner,21.93,4.663,27.611,2,4.28,21.93,0,0
Swapin,17.355,2.68,29.61,0,4.619,17.355,0,0
Kirox,15.73,2.729,30.339,0,4.571,15.73,0,0
MythAndroid,10.744,1.768,27.562,0,4.462,10.744,0,0
AnotherWish,10.185,1.182,30.08,0,5.455,10.185,0,0
yasashiikumo,8.989,1.527,28.124,0,4.375,8.989,0,0
,,,,,,,,
,,,,,,,,
civiltwlight,74.737,22.717,24.918,8,3.465,74.737,0,0
Baikinman,66.304,20.991,23.459,11,3.344,66.304,0,0
comfv,46.067,14.694,23.549,6,3.39,46.067,0,0
Math_,45.161,11.788,25.284,3,3.679,45.161,0,0
FaLiLV,44.231,12.737,24.637,5,3.457,44.231,0,0
Yolowolf75,43.478,10.536,26.206,2,3.95,43.478,0,0
Rissa,37.895,8.883,25.635,2,4.056,37.895,0,0
Anoru_,37.5,9.869,26.158,2,3.641,37.5,0,0
OnlyWorldDaiStar,37.079,9.832,25.867,3,3.879,37.079,0,0
AnimeroD,34,8.207,26.133,2,3.971,34,0,0
Maki04,29.839,5.254,27.834,0,4.324,29.839,0,0
lilycat,29.032,7.595,23.6,5,3.861,29.032,0,0
aimyon,27.368,4.306,29.356,0,4.846,27.368,0,0
SaikiChan,24.719,7.468,24.746,5,3.773,24.719,0,0
Janoxx,23,6.408,23.25,2,3.696,23,0,0
oh95,23,4.665,28.973,1,4.348,23,0,0
THE_USUAL,19.565,3.494,25.562,1,4.667,19.565,0,0
Swapin,19.101,3.571,29.21,0,4.529,19.101,0,0
Poppysr,19,4.598,29.514,1,3.789,19,0,0
Neumann,18.947,2.254,30.183,0,5.333,18.947,0,0
MD22,17.391,2.888,26.993,1,4.75,17.391,0,0
rorf,13.462,2.578,24.935,1,4.429,13.462,0,0
yasashiikumo,11.29,2.194,26.203,1,4.429,11.29,0,0
chommy,2.885,0.648,23.871,0,4,2.885,0,0
,,,,,,,,
0-100 diff,,,,,,,,
Baikinman,75.397,20.671,32.227,21,3.347,75.397,0,0
paperyoshi10,69.231,15.184,33.288,15,3.922,69.231,0,0
PoolNoodle,47.794,8.394,37.492,5,4.462,47.794,0,0
AnimeroD,43.056,8.259,38.547,8,4.29,43.056,0,0
Edwardd,41.667,9.852,35.35,12,3.917,41.667,0,0
KaedeDayo,36.923,3.334,42.076,0,5.375,36.923,0,0
provenance,32.54,4.92,39.733,1,4.732,32.54,0,0
MD22,31.944,4.31,44.462,1,4.935,31.944,0,0
Zeal_Kido,29.412,3.882,43.162,0,5.05,29.412,0,0
I_am_stoney,28.462,2.285,43.675,1,5.703,28.462,0,0
LiljaKatsuragi,26.471,2.755,47.422,0,5.472,26.471,0,0
xeyz,25,2.444,49.121,0,5.361,25,0,0
Serozero,24.603,3.397,47.968,2,5.097,24.603,0,0
Homebad,14.615,0.911,51.769,0,6.211,14.615,0,0
Meowstic2121,8.73,0.321,66.571,0,6.909,8.73,0,0
,,,,,,,,
2025-03-12,,,,,,,,
AKl,83.761,29.726,23.56,24,2.745,83.761,0,0
comfv,81.818,25.721,24.524,12,3.069,81.818,0,0
YuriMeguri,78.495,23.981,24.315,5,2.973,78.495,0,0
Baikinman,61.856,18.597,25.683,10,3.267,61.856,0,0
FaLiLV,51.2,13.733,26.272,8,3.5,51.2,0,0
oh95,46.429,9.414,28.082,1,4.108,46.429,0,0
Yolowolf75,46.218,8.934,28.865,2,4.109,46.218,0,0
hmsuis,40.714,7.632,28.708,3,4.368,40.714,0,0
Tvaz,38.636,7.153,26.794,0,4.118,38.636,0,0
753,36.697,9.146,26.859,3,3.65,36.697,0,0
AnimeroD,36.697,8.904,26.197,2,3.675,36.697,0,0
Maki04,35.2,7.219,28.362,3,4.045,35.2,0,0
Kenzou_Tenma,34.409,8.394,25.789,1,3.469,34.409,0,0
Zeal_Kido,32.773,6.817,26.727,2,4.077,32.773,0,0
JuliAless64,29.915,5.357,30.565,0,4.086,29.915,0,0
Poppysr,28.409,4.182,28.917,0,4.52,28.409,0,0
provenance,26.429,5.013,27.88,2,4.514,26.429,0,0
Swapin,24.37,3.877,30.936,2,4.724,24.37,0,0
SaikiChan,23.711,5.09,28.31,2,4.174,23.711,0,0
mahzrunner,21.429,2.929,29.538,1,4.933,21.429,0,0
Jakemonkey,20.168,2.53,31.267,0,4.958,20.168,0,0
Janoxx,19.266,3.786,25.58,0,4.143,19.266,0,0
Progenitor,18.557,2.823,31.702,0,4.833,18.557,0,0
ss_r_white_pony,17.526,3.442,27.127,1,4.412,17.526,0,0
Flato,16.514,2.631,30.537,0,4.722,16.514,0,0
Gokozinho,16.129,3.189,28.048,0,4.067,16.129,0,0
miiarad,16,2.565,31.022,0,4.45,16,0,0
Serozero,14.4,3.319,26.024,2,3.944,14.4,0,0
Naizuri,11.966,1.455,33.844,0,5.071,11.966,0,0
mitsorubi,11.364,1.344,32.651,0,5.2,11.364,0,0
legrandort,7.527,1.018,29.214,0,4.714,7.527,0,0
Rhummy,5.128,1.452,35.11,1,3.667,5.128,0,0
,,,,,,,,
2025-04-15,,,,,,,,
Miki_Hoshii,79.231,20.599,28.166,6,4.117,79.231,0,0
BeakoLovely,75.61,24.61,28.395,11,3.919,75.61,0,0
Hejsan,73.984,20.937,26.207,9,4,73.984,0,0
iryd,71.429,17.585,26.652,5,4.211,71.429,0,0
Baikinman,69.474,24.431,24.923,10,3.561,69.474,0,0
yahallonyanpasu,65.873,16.282,25.879,3,4.193,65.873,0,0
Thaleko,55.725,11.521,29.105,1,4.685,55.725,0,0
FaLiLV,55.67,16.664,26.803,6,3.722,55.67,0,0
Anoru_,54.206,11.778,30.766,3,4.483,54.206,0,0
comete,52.672,11.971,29.836,6,4.609,52.672,0,0
kar72,50.515,10.807,29.073,0,4.224,50.515,0,0
_nadeshiko,49.533,11.9,29.951,2,4.302,49.533,0,0
Pile,47.561,8.774,33.166,0,4.949,47.561,0,0
753,46.154,7.356,31.084,0,5.017,46.154,0,0
Shuuka,44.086,11.968,28.175,2,4.024,44.086,0,0
Janoxx,39.024,6.732,28.029,2,4.979,39.024,0,0
mkby,38.462,8.739,26.518,2,4.525,38.462,0,0
Coglionedown,37.634,8.42,31.96,0,4.4,37.634,0,0
chaabdu92,36.923,6.088,30.825,1,5.062,36.923,0,0
Maki04,36.842,8.003,29.654,0,4.543,36.842,0,0
kabigon,34.351,4.462,33.553,0,5.4,34.351,0,0
Kenzou_Tenma,33.654,7.306,27.218,2,4.657,33.654,0,0
Pizza420,32.927,4.643,38.648,0,5.407,32.927,0,0
Rissa,30.928,7.818,26.719,2,4,30.928,0,0
SaikiChan,30.081,5.746,30.354,1,4.865,30.081,0,0
Flato,29.907,6.322,35.299,3,4.719,29.907,0,0
Swapin,29.808,5.104,32.682,0,4.968,29.808,0,0
Yokipi,26.829,3.274,35.503,0,5.591,26.829,0,0
Poppysr,26.316,4.071,29.835,1,5.2,26.316,0,0
Konsumenci,25.962,5.882,27.119,3,4.815,25.962,0,0
Kirox,25.954,3.707,33.025,1,5.588,25.954,0,0
Sgtvp,24.299,2.825,34.096,0,5.462,24.299,0,0
Tapumomo_,24.211,2.978,31.52,1,5.565,24.211,0,0
yasashiikumo,22.222,2.389,34.219,0,5.714,22.222,0,0
yashadox,21.538,2.193,33.342,0,5.821,21.538,0,0
Progenitor,20.635,3.147,35.201,1,5.269,20.635,0,0
spanky,20.43,6.628,25.459,3,3.895,20.43,0,0
a_hooman,6.186,0.918,36.469,0,4.833,6.186,0,0
,,,,,,,,
2025-04-21,,,,,,,,
Baikinman,75.591,22.698,27.621,9,3.958,75.591,0,0
iryd,70.732,19.462,28.557,4,4.069,70.732,0,0
FaLiLV,64.228,16.756,29.038,5,4.228,64.228,0,0
Yolowolf75,56.589,14.767,29.66,2,4.055,56.589,0,0
Thaleko,53.901,13.245,30.696,3,4.263,53.901,0,0
Shuuka,53.077,12.683,29.483,4,4.406,53.077,0,0
oh95,51.064,13.837,29.218,4,4.111,51.064,0,0
ericispog,46.923,11.808,29.329,3,4.279,46.923,0,0
753,44.961,10.108,30.678,0,4.345,44.961,0,0
Alkios,44,12.646,28.723,2,3.818,44,0,0
MoltenAshes,38.583,5.798,33.484,0,5.122,38.583,0,0
Kenzou_Tenma,36.22,6.652,28.507,0,4.804,36.22,0,0
cafezinho,35,8.765,33.046,1,4.257,35,0,0
Janoxx,34,8.159,30.043,1,4.294,34,0,0
Chemist,33.333,6.447,29.667,2,4.951,33.333,0,0
Poppysr,31.783,6.59,30.483,0,4.488,31.783,0,0
Pizza420,30.769,5.509,36.859,0,4.925,30.769,0,0
Yokipi,29.231,3.61,33.607,0,5.447,29.231,0,0
Swapin,28.682,5.193,33.55,0,4.676,28.682,0,0
SaikiChan,26.241,5.928,31.938,2,4.514,26.241,0,0
Dry,24.823,5.113,30.839,1,4.771,24.823,0,0
BigSmo,23,5.238,34.212,0,4.348,23,0,0
mahzrunner,19.685,2.716,32.638,0,5.32,19.685,0,0
mitsorubi,8.13,0.543,36.004,0,6.3,8.13,0,0
,,,,,,,,
2025-04-28,,,,,,,,
poyoyoyoyo,83.75,29.681,27.057,18,3.075,83.75,0,0
iryd,67.961,22.745,26.042,13,3.043,67.961,0,0
FaLiLV,57.353,16.771,27.842,11,3.333,57.353,0,0
Yolowolf75,50,11.889,32.1,5,3.814,50,0,0
oh95,45.652,10.648,29.554,5,3.841,45.652,0,0
Maki04,43.802,9.537,30.324,4,4.019,43.802,0,0
Coglionedown,38.806,8.551,32.036,2,4.019,38.806,0,0
Alkios,38.776,11.406,26.113,6,3.447,38.776,0,0
cafezinho,35.821,7.51,31.708,3,4.167,35.821,0,0
hmsuis,35.537,8.099,30.827,4,4,35.537,0,0
Poppysr,32.353,8.37,28.461,3,3.636,32.353,0,0
kabigon,31.356,6.028,32.043,2,4.351,31.356,0,0
Dry,28.75,5.408,31.462,1,4.522,28.75,0,0
SaikiChan,28.571,7.092,30.082,3,3.821,28.571,0,0
AmamiyaSora,28.358,5.336,35.187,5,4.632,28.358,0,0
Kirox,26.471,4.729,32.283,1,4.306,26.471,0,0
Yokipi,25.424,3.455,33.833,1,4.833,25.424,0,0
Konsumenci,25.362,5.765,29.121,4,4.086,25.362,0,0
mahzrunner,23.75,3.208,34.676,1,5.053,23.75,0,0
Flato,23.301,3.856,32.592,0,4.458,23.301,0,0
Swapin,23.188,3.247,33.637,0,4.844,23.188,0,0
rorf,23.14,4.788,29.126,2,4.071,23.14,0,0
yasashiikumo,19.417,2.961,31.171,0,4.6,19.417,0,0
miiarad,18.657,3.735,32.469,3,4.4,18.657,0,0
AnotherWish,17.476,2.252,29.816,0,4.778,17.476,0,0
legrandort,16.949,2.779,36.687,0,4.55,16.949,0,0
a_hooman,16.25,2.06,34.398,0,5.231,16.25,0,0
qwecocacola,15.217,2.793,34.227,2,4.619,15.217,0,0
JustaWeirdo,9.184,1.454,33.49,0,5,9.184,0,0
Tsuni,5.785,0.844,32.314,0,4.571,5.785,0,0
chommy,3.676,0.406,33.062,0,5.2,3.676,0,0
,,,,,,,,
2025-05-04,,,,,,,,
Miki_Hoshii,82.105,27.371,27.011,8,3.538,82.105,0,0
Baikinman,78.74,23.991,27.284,12,3.81,78.74,0,0
GyroInmobile,66.929,17.157,31.053,9,4.141,66.929,0,0
FaLiLV,57.857,16.417,28.607,11,4.173,57.857,0,0
Alkios,55.118,11.43,30.042,0,4.486,55.118,0,0
Yolowolf75,54.93,13.527,31.249,5,4.179,54.93,0,0
Shuuka,52.632,12.89,28.63,1,4.2,52.632,0,0
oh95,51.181,10.145,32.676,3,4.615,51.181,0,0
kar72,50.704,12.624,29.831,4,4.236,50.704,0,0
OnlyWorldDaiStar,46.429,8.755,32.46,4,4.815,46.429,0,0
KaedeDayo,42.143,6.724,33.336,2,5.068,42.143,0,0
neoburnz,40.714,6.824,32.83,1,5.035,40.714,0,0
MrWolf,40.541,12.843,27.54,5,3.8,40.541,0,0
cafezinho,37.857,6.375,33.706,1,5,37.857,0,0
aimyon,36.036,7.729,31.539,3,4.575,36.036,0,0
Jakemonkey,34.507,7.238,35.877,2,4.551,34.507,0,0
Emdiel,33.571,5.38,34.484,1,5.106,33.571,0,0
Rissa,33.333,7.305,31.083,2,4.514,33.333,0,0
Swapin,33.099,5.433,34.403,0,4.957,33.099,0,0
SaikiChan,30.986,7.07,30.018,2,4.455,30.986,0,0
LiljaKatsuragi,29.921,3.806,36.836,0,5.342,29.921,0,0
Flato,28.571,3.689,36.109,0,5.4,28.571,0,0
Poppysr,27.465,5.74,30.493,3,4.667,27.465,0,0
Kirox,27.368,4.117,33.629,0,5.154,27.368,0,0
mahzrunner,26.772,4.17,33.123,0,5.235,26.772,0,0
legrandort,26.056,4.185,37.009,0,5,26.056,0,0
Konsumenci,25.225,5.653,29.737,1,4.536,25.225,0,0
Janoxx,24.648,5.939,28.808,2,4.314,24.648,0,0
uy5gf,22.857,3.505,32.523,1,5.312,22.857,0,0
Serozero,20.472,2.89,31.487,1,5.423,20.472,0,0
Tsuni,7.087,1.059,38.518,0,5.222,7.087,0,0
chommy,6.316,0.569,31.905,0,6.167,6.316,0,0
,,,,,,,,
2025-05-10,,,,,,,,
Miki_Hoshii,76.344,28.423,27.196,10,3.676,76.344,0,0
civiltwlight1,69.841,24.363,27.302,13,3.841,69.841,0,0
Baikinman,69.027,22.51,28.617,10,4.051,69.027,0,0
Hejsan,68.269,29.218,25.847,16,3.549,68.269,0,0
Anoru_,55.455,14.553,31.099,1,4.344,55.455,0,0
comete,55.455,15.953,28.345,1,4.148,55.455,0,0
OnlyWorldDaiStar,52.066,13.21,28.686,4,4.571,52.066,0,0
FaLiLV,51.24,12.496,27.352,2,4.565,51.24,0,0
Yolowolf75,48.438,13.674,29.793,3,4.242,48.438,0,0
PulseVorteX,47.525,13.582,26.95,3,4.396,47.525,0,0
Alkios,46.094,11.783,28.692,2,4.373,46.094,0,0
Maki04,45.545,11.165,30.179,3,4.717,45.545,0,0
MrWolf,45.545,11.876,27.75,3,4.587,45.545,0,0
cafezinho,41.593,8.775,32.165,1,4.745,41.593,0,0
hmsuis,40.909,7.662,31.396,1,4.889,40.909,0,0
oh95,40.385,8.336,30.41,1,4.952,40.385,0,0
Tvaz,39.785,8.298,29.664,0,4.703,39.785,0,0
Kenzou_Tenma,36.719,8.977,26.861,1,4.489,36.719,0,0
753,34.127,6.504,30.351,0,4.814,34.127,0,0
Poppysr,33.884,9.695,27.983,3,4.512,33.884,0,0
Flato,32.692,7.092,33.95,3,5.059,32.692,0,0
Swapin,29.365,5.723,34.263,0,4.784,29.365,0,0
MAKENAI,28.713,4.028,35.254,0,5.552,28.713,0,0
MahiruShiina,28.319,5.257,32.221,0,4.969,28.319,0,0
Dry,26.882,6.878,29.077,0,4.32,26.882,0,0
Shiku,24.793,2.975,33.451,0,5.767,24.793,0,0
LiljaKatsuragi,22.115,2.38,33.965,0,5.826,22.115,0,0
SaikiChan,21.094,4.801,31.241,2,4.815,21.094,0,0
mahzrunner,19.355,3.515,31.037,0,5,19.355,0,0
Konsumenci,18.254,5.004,28.665,3,4.478,18.254,0,0
legrandort,17.699,2.903,33.872,1,5.4,17.699,0,0
Serozero,15.455,2.97,28.659,0,4.824,15.455,0,0
,,,,,,,,
2025-05-18,,,,,,,,
poyoyoyoyo,85.321,29.519,26.302,9,3.645,85.321,0,0
BlackCondor,81.308,35.173,24.803,18,3.184,81.308,0,0
Hejsan,77.273,26.151,27.043,9,3.755,77.273,0,0
Baikinman,70.297,20.9,29.071,6,4.042,70.297,0,0
FaLiLV,66.667,20.478,28.912,4,3.889,66.667,0,0
Yolowolf75,51.485,12.004,32.038,2,4.519,51.485,0,0
GyroInmobile,50.505,13.201,29.793,3,4.32,50.505,0,0
kkura_,50,12.636,28.777,0,4.258,50,0,0
OnlyWorldDaiStar,48.039,11.891,30.316,1,4.327,48.039,0,0
KaedeDayo,42.424,8.366,34.613,2,4.821,42.424,0,0
oh95,42.241,11.034,31.759,1,4.224,42.241,0,0
badatlife,41.667,8.679,30.899,1,4.745,41.667,0,0
AkihaPitsSniffer,41.176,10.242,26.64,1,4.31,41.176,0,0
Alkios,39.45,9.506,29.716,2,4.395,39.45,0,0
JuliAless64,37.374,8.05,32.421,1,4.703,37.374,0,0
Coglionedown,35.514,8.445,32.812,1,4.421,35.514,0,0
Poppysr,35.345,9.988,29.254,1,3.976,35.345,0,0
Tvaz,35.294,6.146,30.76,0,4.861,35.294,0,0
kabigon,34.677,7.829,31.71,2,4.605,34.677,0,0
Swapin,34.483,6.663,37.982,0,4.7,34.483,0,0
gro,33.333,10.27,25.746,4,4,33.333,0,0
Flato,32.787,6.944,35.992,2,4.625,32.787,0,0
MrWolf,32.632,10.892,27.135,4,3.903,32.632,0,0
753,31.481,5.997,32.859,0,4.824,31.481,0,0
xeyz,30.693,4.449,36.164,0,5.226,30.693,0,0
SaikiChan,30.275,6.263,32.27,1,4.758,30.275,0,0
aimyon,29.032,6.123,32.395,1,4.806,29.032,0,0
Rissa,28.283,7.353,31.585,3,4.536,28.283,0,0
cafezinho,27.419,5.323,32.957,0,4.824,27.419,0,0
spanky,26.471,7.417,25.919,2,4.185,26.471,0,0
Janoxx,26.168,7.004,27.877,0,4.143,26.168,0,0
md22,25.253,4.593,34.874,1,5.16,25.253,0,0
Megu29,21.311,4.411,35.46,1,4.692,21.311,0,0
AnotherWish,21.212,3.683,31.885,0,4.964,21.212,0,0
Skychael,21.101,3.976,31.441,0,5,21.101,0,0
KushamiTasukaru,20.492,3.863,31.367,0,4.92,20.492,0,0
mahzrunner,14.815,2.004,34.785,0,5.5,14.815,0,0
Bommie,10.28,1.627,34.202,0,5.273,10.28,0,0
,,,,,,,,
2025-05-26,,,,,,,,
Miki_Hoshii,77.901,27.95,26.674,18,3.844,77.901,0,0
Hejsan,75.333,26.809,27.01,12,3.858,75.333,0,0
Baikinman,66.46,21.141,26.279,5,3.897,66.46,0,0
FaLiLV,56.977,15.458,28.786,4,4.347,56.977,0,0
oh95,44.667,8.923,31.496,2,4.97,44.667,0,0
OnlyWorldDaiStar,43.605,10.319,29.806,2,4.68,43.605,0,0
Shuuka,43.478,11.32,27.24,4,4.371,43.478,0,0
JuliAless64,39.227,7.921,30.285,3,4.958,39.227,0,0
hmsuis,30.387,5.563,30.125,1,5.182,30.387,0,0
Janoxx,29.07,6.402,29.611,2,5.02,29.07,0,0
SaikiChan,26.708,5.202,30.605,1,4.907,26.708,0,0
AmamiyaSora,26,3.782,36.176,0,5.615,26,0,0
KushamiTasukaru,24.667,4.555,30.6,0,5.324,24.667,0,0
Konsumenci,21.739,4.954,27.043,0,4.657,21.739,0,0
Yokipi,20.93,3.808,35.028,3,5.528,20.93,0,0
yasashiikumo,18.232,2.717,30.862,0,5.636,18.232,0,0
,,,,,,,,
2025-06-01,,,,,,,,
poyoyoyoyo,84.762,28.001,27.167,7,3.775,84.762,0,0
Miki_Hoshii,81.69,24.865,28.789,12,3.983,81.69,0,0
BeakoLovely,75.54,23.618,26.855,8,3.962,75.54,0,0
Baikinman,73.438,19.561,28.348,6,4.34,73.438,0,0
iryd,71.429,19.155,27.797,4,4.153,71.429,0,0
FaLiLV,60.544,13.695,30.424,4,4.573,60.544,0,0
PoolNoodle,58.824,12.508,28.237,1,4.543,58.824,0,0
CarbonatedLove,57.031,11.907,30.987,3,4.808,57.031,0,0
florenz,56.115,13.328,30.268,3,4.615,56.115,0,0
Diukes,48.148,11.375,28.966,4,4.677,48.148,0,0
ChrisLefko,46.763,9.836,29.899,4,4.938,46.763,0,0
oh95,45.926,7.637,31.26,1,5.113,45.926,0,0
753,45.714,10.153,30.396,3,4.667,45.714,0,0
Alkios,42.857,8.862,30.972,4,4.857,42.857,0,0
beautiful,42.857,8.156,32.628,2,4.937,42.857,0,0
neoburnz,42.446,7.581,30.917,0,5.119,42.446,0,0
JuliAless64,41.007,7.346,32.544,0,5.018,41.007,0,0
Poppysr,40.141,10.574,29.48,5,4.386,40.141,0,0
hmsuis,40,6.32,30.914,0,5.095,40,0,0
Janoxx,36.134,7.346,27.493,0,4.651,36.134,0,0
Coglionedown,33.333,5.127,34.372,0,5.333,33.333,0,0
provenance,31.69,4.918,31.65,0,5.089,31.69,0,0
KNotAnyMore,29.688,3.814,35.634,0,5.684,29.688,0,0
SaikiChan,29.577,4.565,32.942,0,5.238,29.577,0,0
Konsumenci,26.667,5.447,28.137,2,5,26.667,0,0
Kirox,25.18,3.931,32.138,0,5.457,25.18,0,0
CipherKai,25.18,3.767,37.891,1,5.457,25.18,0,0
arpia97,17.687,1.95,36.293,0,5.731,17.687,0,0
MythAndroid,15.108,1.959,34.565,0,5.571,15.108,0,0
Kyuuuu,11.429,2.182,36.59,0,5.083,11.429,0,0
legrandort,10.084,1.262,37.928,0,5.5,10.084,0,0
,,,,,,,,
2025-06-08,,,,,,,,
BlackCondor,83.465,27.88,26.283,11,3.811,83.465,0,0
Hejsan,74.51,22.539,27.052,8,3.965,74.51,0,0
Baikinman,71.622,19.534,28.041,7,4.132,71.622,0,0
FaLiLV,64.748,15.571,26.734,1,4.378,64.748,0,0
kkura_,62.838,14.088,30.312,3,4.43,62.838,0,0
comete,61.151,16.834,28.481,6,4.235,61.151,0,0
PoolNoodle,60.14,14.223,29.589,3,4.453,60.14,0,0
OnlyWorldDaiStar,57.554,12.654,28.507,1,4.562,57.554,0,0
_nadeshiko,57.051,13.181,29.819,6,4.685,57.051,0,0
Diukes,52.318,13.722,28.127,6,4.392,52.318,0,0
oh95,49.64,9.229,30.023,1,4.841,49.64,0,0
KaedeDayo,47.436,7.545,34.139,2,5.243,47.436,0,0
beautiful,46.853,8.593,31.166,1,4.896,46.853,0,0
JuliAless64,46.154,9.135,31.38,3,4.931,46.154,0,0
Pile,45.033,9.947,30.587,3,4.75,45.033,0,0
Alkios,44.444,8.375,30.362,0,4.838,44.444,0,0
Tvaz,41.892,7.275,31.459,1,4.919,41.892,0,0
Poppysr,40.945,7.268,30.987,0,4.885,40.945,0,0
hmsuis,40.397,7.346,30.535,1,5.033,40.397,0,0
provenance,38.129,6.207,31.376,0,5.094,38.129,0,0
Flato,37.063,5.52,31.908,1,5.226,37.063,0,0
Janoxx,34.646,5.893,29.717,0,5.091,34.646,0,0
Konsumenci,27.273,3.507,31.421,0,5.513,27.273,0,0
SaikiChan,26.797,5.356,31.188,0,4.805,26.797,0,0
Ephemeral,26.144,3.157,33.864,0,5.575,26.144,0,0
Swapin,25.899,4.063,33.546,1,5.389,25.899,0,0
Progenitor,24.359,2.977,34.296,1,5.816,24.359,0,0
LiljaKatsuragi,19.205,2.808,32.957,0,5.552,19.205,0,0
AnotherWish,18.898,2.028,34.015,0,5.667,18.898,0,0
Dry,16.547,2.979,32.041,1,5.348,16.547,0,0
ranny,15.827,2.722,30.664,2,5.5,15.827,0,0
mitsorubi,13.514,2.727,33.837,0,5,13.514,0,0
,,,,,,,,
2025-06-15,,,,,,,,
iryd,81.618,23.51,28.488,3,3.811,81.618,0,0
BlackCondor,80.864,21.937,28.846,5,3.992,80.864,0,0
Miki_Hoshii,78.632,25.627,27.851,6,3.522,78.632,0,0
AKl,78.448,27.852,26.041,14,3.44,78.448,0,0
Baikinman,76.812,22.778,27.757,4,3.717,76.812,0,0
comete,61.682,17.049,30.131,4,3.955,61.682,0,0
OnlyWorldDaiStar,55.833,14.434,29.157,4,4.179,55.833,0,0
Thaleko,52.586,11.971,29.444,1,4.246,52.586,0,0
Yolowolf75,49.167,11.005,30.042,2,4.424,49.167,0,0
oh95,48.765,7.18,32.301,0,5.025,48.765,0,0
kkura_,46.721,10.273,30.535,0,4.316,46.721,0,0
Poppysr,46.721,14.161,28.916,5,3.86,46.721,0,0
SAVAGEGENIUS,43.382,7.691,32.731,0,4.712,43.382,0,0
Maki04,42.735,8.448,30.322,0,4.44,42.735,0,0
Swapin,38.525,7.014,35.539,1,4.745,38.525,0,0
SaikiChan,33.951,5.086,31.719,0,5.091,33.951,0,0
cafezinho,30.841,6.345,30.121,1,4.576,30.841,0,0
Janoxx,28.261,6.469,27.516,1,4.282,28.261,0,0
Kirox,28.037,5.038,32.772,0,4.7,28.037,0,0
AmamiyaSora,28.037,4.74,34.613,1,4.9,28.037,0,0
Sharet,27.586,4.413,35.247,0,4.844,27.586,0,0
gw13,24.265,4.437,33.551,1,4.758,24.265,0,0
mahzrunner,24.167,4.738,30.729,0,4.759,24.167,0,0
Tapumomo_,22.059,3.134,33.591,0,5.133,22.059,0,0
Vr0003,21.605,3.861,31.833,1,4.886,21.605,0,0
CipherKai,21.368,3.201,37.624,0,4.96,21.368,0,0
Yokipi,18.333,2.056,34.84,0,5.727,18.333,0,0
MythAndroid,16.667,2.507,36.761,0,5.087,16.667,0,0
ElJuanchi,9.483,1.967,36.123,0,4.545,9.483,0,0
Rhummy,6.838,1.479,35.94,0,4.375,6.838,0,0
,,,,,,,,
2025-06-23,,,,,,,,
BlackCondor,84.252,33.998,25.553,21,3.252,84.252,0,0
AKl,81.731,29.239,24.017,5,3.341,81.731,0,0
Baikinman,74.138,26.335,25.449,11,3.628,74.138,0,0
FaLiLV,61.6,17.389,27.982,4,4.039,61.6,0,0
Thaleko,50.442,12.436,28.96,3,4.263,50.442,0,0
oh95,48.673,12.654,27.94,4,4.182,48.673,0,0
NoobLefko,46.341,10.495,29.444,3,4.632,46.341,0,0
Maki04,42.4,9.134,31.757,1,4.623,42.4,0,0
Alkios,42.276,11.107,28.156,5,4.423,42.276,0,0
Kripparrian,37.5,9.034,24.789,0,4.231,37.5,0,0
Coglionedown,36.207,5.847,33.337,0,5.048,36.207,0,0
Flato,35.577,9.904,31.932,2,4.081,35.577,0,0
Swapin,35.2,6.612,35.393,1,4.841,35.2,0,0
SaikiChan,31.897,5.571,31.821,0,5.027,31.897,0,0
provenance,29.268,6.616,31.32,5,5.056,29.268,0,0
Poppysr,28.319,7.609,27.838,2,4.188,28.319,0,0
Dry,27.559,4.526,29.284,0,4.971,27.559,0,0
THE_USUAL,25.203,3.544,32.925,0,5.516,25.203,0,0
Janoxx,25.197,5.305,26.729,1,4.656,25.197,0,0
mahzrunner,22.047,4.384,30.592,0,4.679,22.047,0,0
miiarad,20.69,2.254,31.294,0,5.792,20.69,0,0
Skychael,20,2.956,28.808,0,5.2,20,0,0
qwecocacola,16.814,3.039,33.507,2,5.211,16.814,0,0
chommy,4.808,0.515,33.302,0,6,4.808,0,0
,,,,,,,,
2025-06-24,,,,,,,,
Miki_Hoshii,79.63,25.034,28.022,11,3.698,79.63,0,0
iryd,76.562,25.225,27.318,12,3.673,76.562,0,0
Baikinman,70.37,24.694,26.592,15,3.561,70.37,0,0
florenz,51.765,13.269,30.58,6,4.227,51.765,0,0
JuliAless64,39.062,7.271,31.635,1,4.78,39.062,0,0
oh95,38.889,8.317,30.187,3,4.635,38.889,0,0
cafezinho,35.294,7.054,29.984,1,4.683,35.294,0,0
Yokipi,29.63,4.38,34.043,0,5.188,29.63,0,0
Flato,28.906,5.416,34.072,1,4.838,28.906,0,0
BigSmo,27.778,4.715,33.389,1,5,27.778,0,0
provenance,27.059,5.553,30.302,2,4.826,27.059,0,0
AmamiyaSora,24.691,2.855,34.826,1,5.65,24.691,0,0
fiftypercentweeb,22.941,3.675,33.302,1,5.154,22.941,0,0
Gokozinho,19.136,2.679,35.808,0,5.387,19.136,0,0
mitsorubi,13.58,1.746,36.549,0,5.636,13.58,0,0
a_hooman,13.281,1.667,35.459,0,5.824,13.281,0,0
,,,,,,,,
2025-06-29,,,,,,,,
Hejsan,82.609,27.784,27.189,9,3.905,82.609,0,0
poyoyoyoyo,79.464,31.146,24.554,8,3.371,79.464,0,0
Baikinman,72.581,25.443,26.986,10,3.911,72.581,0,0
Baguett,64.423,18.613,29.455,4,4.209,64.423,0,0
comete,60.577,14.861,30.082,1,4.413,60.577,0,0
FaLiLV,59.854,15.538,26.843,2,4.476,59.854,0,0
florenz,59.13,13.314,29.31,1,4.559,59.13,0,0
Thaleko,57.692,13.357,29.355,1,4.667,57.692,0,0
mkby,46.154,9.063,28.483,1,4.95,46.154,0,0
oh95,45.985,11.338,27.96,3,4.746,45.985,0,0
SAVAGEGENIUS,44.355,8.997,31.569,1,4.945,44.355,0,0
Alkios,42.336,7.511,27.841,0,5.121,42.336,0,0
Coglionedown,40,7.783,32.747,1,5.115,40,0,0
Janoxx,33.871,8.041,26.73,0,4.571,33.871,0,0
Swapin,32.174,4.508,33.265,0,5.351,32.174,0,0
Skychael,27.737,5.919,27.858,0,4.921,27.737,0,0
SaikiChan,26.923,5.727,31.168,1,4.857,26.923,0,0
provenance,26.923,3.689,32.564,1,5.771,26.923,0,0
Flato,26.786,7.048,30.805,2,4.367,26.786,0,0
Poppysr,25,6.759,29.427,1,4.25,25,0,0
Yokipi,25,3.314,34.435,0,5.71,25,0,0
Konsumenci,20.192,3.53,32.982,1,5.286,20.192,0,0
mahzrunner,13.393,2.484,27.319,0,4.8,13.393,0,0
legrandort,13.043,0.966,38.073,0,6.2,13.043,0,0
,,,,,,,,
2025-07-06,,,,,,,,
Baikinman,74.38,22.749,27.705,8,3.756,74.38,0,0
FaLiLV,65.854,17.762,29.018,7,4.086,65.854,0,0
oh95,54.478,13.837,29.216,4,4.123,54.478,0,0
_nadeshiko,51.111,12.293,30.765,5,4.304,51.111,0,0
OnlyWorldDaiStar,50.382,12.475,28.75,4,4.121,50.382,0,0
Coglionedown,46.667,8.861,33.713,1,4.635,46.667,0,0
Tvaz,46.341,9.144,30.607,2,4.684,46.341,0,0
aimyon,46,8.464,30.043,1,4.913,46,0,0
gro,43.511,12.933,26.291,5,3.825,43.511,0,0
Poppysr,41.322,8.314,29.348,2,4.56,41.322,0,0
Chemist,41,7.696,29.803,3,5,41,0,0
Flato,33.058,6.614,33.914,2,4.65,33.058,0,0
Jakemonkey,32.836,6.242,33.674,3,4.795,32.836,0,0
Janoxx,32.593,7.543,30.066,4,4.477,32.593,0,0
Konsumenci,32.09,6.461,29.364,2,4.605,32.09,0,0
AmamiyaSora,30,4.102,34.134,0,5.433,30,0,0
Swapin,29.104,5.181,31.892,0,4.718,29.104,0,0
provenance,27.642,4.72,31.744,3,5.206,27.642,0,0
SaikiChan,22.901,4.885,31.142,1,4.567,22.901,0,0
MizukiNana,22.222,3.759,33.657,0,4.8,22.222,0,0
legrandort,21.138,3.445,35.101,1,5.346,21.138,0,0
gw13,20.611,4.054,34.264,1,4.63,20.611,0,0
Dummy_,18.182,3.022,31.328,0,5.182,18.182,0,0
,,,,,,,,
2025-07-13,,,,,,,,
BlackCondor,84.848,29.54,26.549,8,3.417,84.848,,
FaLiLV,65.546,21.343,28.937,10,3.744,65.546,,
oh95,55.357,13.876,30.729,3,4.161,55.357,,
OnlyWorldDaiStar,47.107,13.672,30.715,7,4,47.107,,
mkby,45.652,15.806,27.124,7,3.595,45.652,,
Alkios,42.268,14.644,27.341,5,3.512,42.268,,
Tvaz,41.071,10.05,28.778,2,4.304,41.071,,
Coglionedown,38.043,9.51,32.867,2,4.171,38.043,,
hmsuis,35.294,6.56,33.604,3,4.905,35.294,,
Janoxx,35.052,10.882,28.705,3,3.618,35.052,,
Swapin,33.696,7.659,32.534,1,4.29,33.696,,
Kenzou_Tenma,32.143,7.005,30.023,0,4.528,32.143,,
Maki04,30.579,6.881,30.634,1,4.486,30.579,,
md22,30.579,7.257,33.371,2,4.514,30.579,,
THE_USUAL,29.293,6.286,30.452,1,4.621,29.293,,
AmamiyaSora,28.283,4.447,35.543,0,4.964,28.283,,
Poppysr,27.835,8.074,29.846,1,3.852,27.835,,
Kirox,26.804,6.053,33.398,1,4.346,26.804,,
miiarad,26.786,6.982,30.568,2,4.3,26.786,,
mahzrunner,23.232,5.523,30.906,0,4.522,23.232,,
SaikiChan,21.008,4.625,30.241,2,4.84,21.008,,
KasumiYozora,19.328,3.053,37.158,1,5.261,19.328,,
Konsumenci,17.391,4.153,26.583,0,4.438,17.391,,
Dry,17.355,3.281,29.229,0,4.762,17.355,,
,,,,,,,,
2025-07-20,,,,,,,,
AKl,86.087,31.214,26.112,12,3.717,86.087,,
Kawada6,85.47,25.9,28.172,7,4.02,85.47,,
Baikinman,80.488,28.735,25.318,10,3.707,80.488,,
FaLiLV,57.759,16.93,28.867,3,4.164,57.759,,
OnlyWorldDaiStar,52.174,12.495,28.718,0,4.467,52.174,,
CarbonatedLove,51.456,12.803,29.615,2,4.528,51.456,,
oh95,50,13.098,30.007,0,4.345,50,,
gro,47.573,14.336,26.504,5,4.327,47.573,,
Maki04,46.154,8.343,31.833,0,4.889,46.154,,
mkby,45.652,11.306,28.971,1,4.476,45.652,,
Alkios,43.478,11.534,27.708,2,4.425,43.478,,
Coglionedown,42.718,10.021,30.377,2,4.75,42.718,,
OnlyAiM,42.276,9.597,29.301,0,4.519,42.276,,
beautiful,36.957,7.973,30.695,0,4.706,36.957,,
SaikiChan,29.268,5.031,30.732,0,5.056,29.268,,
Poppysr,29.06,5.381,30.386,0,4.971,29.06,,
kabao,28.448,4.87,34.316,0,5.121,28.448,,
Konsumenci,27.642,4.973,28.087,0,5.059,27.642,,
Flato,27.184,5.378,32.352,1,5.143,27.184,,
Janoxx,25,5.452,29.18,0,4.759,25,,
THE_USUAL,23.913,4.518,31.186,0,5.091,23.913,,
rorf,23.077,4.384,31.672,1,5.185,23.077,,
Kirox,22.609,3.493,31.355,0,5.385,22.609,,
Gokozinho,14.783,1.724,35.642,0,5.765,14.783,,
,,,,,,,,
2025-07-24,,,,,,,,
channina,87.356,33.529,26.156,11,3.395,87.356,,
poyoyoyoyo,82.292,30.981,26.024,14,3.633,82.292,,
Baikinman,69.697,25.014,26.2,10,3.58,69.697,,
PoolNoodle,60.331,11.839,30.099,1,4.849,60.331,,
moosepi,52.893,9.296,32.197,1,5.062,52.893,,
gro,49.558,16.878,25.439,5,3.625,49.558,,
neoburnz,49.038,9.79,29.969,2,4.98,49.038,,
OnlyWorldDaiStar,48.958,9.202,30.672,0,4.851,48.958,,
beautiful,44.231,8.237,31.295,3,5.152,44.231,,
oh95,42.478,9.088,30.289,1,4.542,42.478,,
Maki04,42.424,10.683,30.118,2,4.238,42.424,,
cafezinho,42.308,8.6,31.911,2,5.023,42.308,,
AnimeroD,38.843,8.092,30.227,4,5.021,38.843,,
Flato,34.513,8.231,32.193,2,4.487,34.513,,
Jakemonkey,30.769,5.451,33.251,1,5.375,30.769,,
Janoxx,29.885,7.14,26.486,0,4.385,29.885,,
AmamiyaSora,28.283,5.355,31.114,1,4.821,28.283,,
mahzrunner,26.446,3.629,30.281,1,5.562,26.446,,
harges,24.138,4.501,36.459,0,4.857,24.138,,
LiljaKatsuragi,21.875,2.226,34.927,0,5.762,21.875,,
ranny,19.54,4.369,30.3,1,4.824,19.54,,
ShelterRin,15.929,1.456,36.846,0,5.778,15.929,,
sunshine_r_w_p,13.542,2.553,33.628,0,4.923,13.542,,
VuhrCulls,9.091,1.415,31.588,0,5.333,9.091,,
,,,,,,,,
2025-07-28,,,,,,,,
Kawada6,75.385,22.276,27.64,7,3.888,75.385,,
Kyshua,70.492,23.796,26.095,10,3.663,70.492,,
florenz,63.816,14.979,30.602,5,4.34,63.816,,
neoburnz,52.632,11.268,29.601,3,4.5,52.632,,
OnlyWorldDaiStar,52.308,13.355,29.99,3,4.147,52.308,,
Alkios,52.212,14.279,28.467,5,4.051,52.212,,
xieliann,51.095,14.779,25.712,5,3.986,51.095,,
Pile,48.936,13.004,29.133,5,4.203,48.936,,
oh95,47.788,11.266,29.174,2,4.352,47.788,,
PoolNoodle,47.706,12.046,32.196,2,4.231,47.706,,
badatlife,47.518,11.16,28.213,5,4.478,47.518,,
beautiful,43.119,8.74,34.126,1,4.617,43.119,,
Tvaz,42.336,9.736,29.398,1,4.397,42.336,,
Maki04,42.308,8.983,30.134,1,4.509,42.308,,
Poppysr,37.589,8.094,29.299,3,4.66,37.589,,
KaedeDayo,36.923,8.177,33.209,2,4.438,36.923,,
Coglionedown,36.885,7.172,33.202,1,4.756,36.885,,
Kenzou_Tenma,34.426,7.321,30.591,1,4.619,34.426,,
Flato,34.211,6.141,31.706,1,4.827,34.211,,
spanky,33.628,9.998,24.837,5,4,33.628,,
provenance,32.847,7.037,29.591,3,4.733,32.847,,
Konsumenci,31.538,5.124,29.208,0,4.951,31.538,,
Janoxx,31.538,9.307,26.78,4,3.927,31.538,,
Kirox,30.496,5.912,31.267,2,4.884,30.496,,
SaikiChan,30.088,8.763,30.268,5,4.118,30.088,,
Swapin,28.44,4.104,36.451,0,5.129,28.44,,
Megu29,25.658,4.252,32.876,2,5.128,25.658,,
MizukiNana,20.769,4.188,34.252,2,4.704,20.769,,
KasumiYozora,19.266,3.184,38.677,0,5.19,19.266,,
arpia97,11.679,2.195,33.638,0,5.062,11.679,,
a_hooman,11.538,1.631,29.544,1,5.6,11.538,,
chommy,3.279,0.198,33.706,0,6.75,3.279,,
,,,,,,,,
2025-08-03,,,,,,,,
Baikinman,81.308,27.73,27.64,9,3.575,81.308,0,0
comfv,80.8,27.763,26.841,13,3.525,80.8,0,0
BlackCondor,72.059,26.881,26.073,11,3.357,72.059,0,0
GabrielaRobin,69.697,17.816,29.901,5,4.13,69.697,0,0
mkby,52.381,13.443,30.293,6,4.221,52.381,0,0
gro,49.6,12.4,27.31,0,4.081,49.6,0,0
Anoru_,49.194,10.866,31.244,1,4.328,49.194,0,0
Coglionedown,46.763,12.252,30.387,2,4.246,46.763,0,0
OnlyWorldDaiStar,46.094,12.672,29.152,5,4.102,46.094,0,0
Alkios,45.455,8.57,29.662,0,4.617,45.455,0,0
JuliAless64,45.161,9.595,32.673,1,4.429,45.161,0,0
oh95,42.446,10.201,31.022,3,4.475,42.446,0,0
KaedeDayo,41.406,8.76,31.941,0,4.585,41.406,0,0
hmsuis,40.8,8.275,31.95,0,4.529,40.8,0,0
Tvaz,40.136,9.73,29.378,3,4.322,40.136,0,0
Kenzou_Tenma,34.694,7.377,31.667,0,4.569,34.694,0,0
provenance,31.655,6.765,32.377,3,4.909,31.655,0,0
Janoxx,29.545,5.176,30.443,1,4.923,29.545,0,0
Skychael,29.032,6.55,29.968,3,4.528,29.032,0,0
Swapin,28.676,6.496,33.02,0,4.487,28.676,0,0
Konsumenci,27.419,6.17,31.754,2,4.5,27.419,0,0
SetoSun,27.103,4.076,36.454,0,5.034,27.103,0,0
Andrey_K,25.899,5.476,32.269,2,4.944,25.899,0,0
SaikiChan,25.781,7.76,29.738,3,4.03,25.781,0,0
JulietPersia,25.735,5.561,36.276,1,4.571,25.735,0,0
Dry,25.234,3.796,31.43,0,5.037,25.234,0,0
kabao,24.219,3.849,34.717,0,5.194,24.219,0,0
fiftypercentweeb,23.81,5.966,33.446,1,4.229,23.81,0,0
THE_USUAL,22.43,3.343,33.759,1,5.25,22.43,0,0
MythAndroid,16.667,4.379,34.422,2,4.227,16.667,0,0
anicomi,13.235,1.865,33.775,0,5.333,13.235,0,0
chommy,5.6,0.665,35.004,0,5.571,5.6,0,0
,,,,,,,,
2025-08-10,,,,,,,,
BlackCondor,88,33.704,25.961,13,3.239,88,,
Baikinman,77.206,22.971,28.457,10,3.838,77.206,,
GabrielaRobin,59.292,16.177,27.622,2,4.045,59.292,,
mkby,56.452,13.958,31.088,2,4.2,56.452,,
OnlyWorldDaiStar,55.556,15.757,30.137,4,3.873,55.556,,
Alkios,51.471,11.631,29.874,2,4.371,51.471,,
Coglionedown,50,10.612,34.408,2,4.516,50,,
gro,48.077,14.573,24.87,4,3.84,48.077,,
GodIy,47.788,12.906,31.667,5,4.222,47.788,,
Swapin,34,5.227,34.321,0,5,34,,
Janoxx,31.452,6.123,30.053,1,4.769,31.452,,
Zeal_Kido,31.313,7.66,28.532,0,4.161,31.313,,
Flato,30.769,6.471,31.843,2,4.688,30.769,,
SaikiChan,30.088,6.671,31.881,2,4.588,30.088,,
Megu29,29.032,6.221,32.952,0,4.5,29.032,,
Dry,26.263,7.766,26.776,1,3.808,26.263,,
Poppysr,24.038,4.252,30.629,0,4.96,24.038,,
THE_USUAL,23.077,3.094,32.311,0,5.417,23.077,,
AnnaYanami,22,3.421,37.72,0,5.091,22,,
yasashiikumo,21,2.948,35.839,0,5.286,21,,
VuhrCulls,20.588,3.425,33.601,0,4.964,20.588,,
ranny,15.929,2.056,33.91,1,5.722,15.929,,
,,,,,,,,
2025-08-16,,,,,,,,
comfv,86.364,30.379,27.819,17,3.347,86.364,0,0
BlackCondor,81.579,24.006,28.874,4,3.613,81.579,0,0
Baikinman,72.043,27.828,26.19,9,2.97,72.043,0,0
GabrielaRobin,66.327,21.888,27.844,7,3.415,66.327,0,0
ShirohaNaruse,60.526,15.615,29.137,2,3.913,60.526,0,0
PoolNoodle,57.353,14.301,30.712,2,3.962,57.353,0,0
comete,57.143,16.36,30.028,3,3.656,57.143,0,0
Alkios,57.025,15.522,29.015,9,4.116,57.025,0,0
kar72,56.452,13.046,29.153,2,4.171,56.452,0,0
Yolowolf75,52.419,11.428,30.892,2,4.323,52.419,0,0
OnlyWorldDaiStar,48.571,12.549,29.198,4,4.132,48.571,0,0
Baguett,47.656,13.803,29.307,4,3.672,47.656,0,0
Coglionedown,47.107,7.716,32.508,0,4.895,47.107,0,0
MoltenAshes,42.647,8.693,32.74,2,4.431,42.647,0,0
Tvaz,37.5,7.6,32.05,0,4.357,37.5,0,0
Poppysr,36.607,8.895,30.668,1,4.073,36.607,0,0
Swapin,35.156,7.862,34.57,0,4.2,35.156,0,0
Janoxx,35,8.498,28.182,3,4.286,35,0,0
hmsuis,34.694,8.646,29.468,2,4.059,34.694,0,0
zokie,33.884,4.071,36.52,0,5.366,33.884,0,0
SaikiChan,32.353,7.438,31.038,2,4.273,32.353,0,0
Konsumenci,30.714,5.861,29.388,1,4.721,30.714,0,0
Shiku,30.714,5.385,35.026,1,4.907,30.714,0,0
harges,28.947,6.86,36.748,2,4.394,28.947,0,0
Andrey_K,27.273,4.91,32.501,0,4.7,27.273,0,0
fiftypercentweeb,27.273,5,33.115,1,4.909,27.273,0,0
kabao,25.806,3.854,35.305,1,5.219,25.806,0,0
Dry,25.455,5.116,29.475,0,4.464,25.455,0,0
spanky,23.656,6.487,28.782,0,3.773,23.656,0,0
Vr0003,21.875,5.962,32.434,2,3.929,21.875,0,0
AnnaYanami,21.429,3.884,35.418,1,4.762,21.429,0,0
Hyonoobka,20.312,5.328,26.045,1,3.962,20.312,0,0
legrandort,19.091,3.341,36.4,0,4.81,19.091,0,0
Mangalodon,18.548,2.791,34.848,1,5.304,18.548,0,0
Floth,18.28,4.691,34.745,2,4.118,18.28,0,0
YellowRose,15.306,1.985,34.478,0,5.267,15.306,0,0
OkitaNobu,15.179,2.398,36.733,1,5.059,15.179,0,0
mahzrunner,14.706,1.784,37.075,0,5.4,14.706,0,0
anicomi,13.978,3.115,38.255,0,4.308,13.978,0,0
ElJuanchi,10.526,0.718,40.457,0,6.083,10.526,0,0
,,,,,,,,
2025-08-17,,,,,,,,
Baikinman,78.125,26.284,27.523,21,3.6,78.125,0,0
PoolNoodle,57.143,15.416,30.678,5,3.972,57.143,0,0
Alkios,50,14.883,29.205,9,3.756,50,0,0
Coglionedown,47.5,7.728,33.269,0,4.868,47.5,0,0
oh95,43.846,11.737,30.613,7,4.158,43.846,0,0
Diukes,43.293,11.333,29.862,5,4.056,43.293,0,0
Kazaseno,40,9.904,30.359,4,4.308,40,0,0
Swapin,33.333,6.932,34.29,3,4.595,33.333,0,0
Poppysr,32.54,7.595,30.472,3,4.366,32.54,0,0
Sgtvp,26.22,3.737,35.013,0,5.093,26.22,0,0
zokie,25.385,3.583,35.082,0,5.242,25.385,0,0
miiarad,25,3.855,33.856,2,5.325,25,0,0
YellowRose,23.81,4.482,35.776,1,4.833,23.81,0,0
AmamiyaSora,23.077,3.417,35.413,0,5.233,23.077,0,0
mahzrunner,18.902,3.26,34.88,1,4.968,18.902,0,0
OkitaNobu,13.75,1.237,38.202,0,5.955,13.75,0,0
,,,,,,,,
2025-08-20,,,,,,,,
BlackCondor,86.923,37.001,26.899,17,3.124,86.923,0,0
comfv,85.455,33.31,28.014,13,3.532,85.455,0,0
Baikinman,76.23,34.388,28.347,14,2.968,76.23,0,0
sumii,61.702,23.082,28.256,9,3.741,61.702,0,0
Yolowolf75,51.961,11.876,31.053,0,4.566,51.961,0,0
RaidenMei,51.429,11.643,31.385,3,4.736,51.429,0,0
oh95,50.833,14.261,30.282,4,4.115,50.833,0,0
Coglionedown,47.143,8.316,32.917,1,5.136,47.143,0,0
Flato,44.286,8.053,32.592,0,5.081,44.286,0,0
Maki04,40.196,8.466,32.2,0,4.732,40.196,0,0
JuliAless64,38.571,5.786,33.614,2,5.444,38.571,0,0
hmsuis,37.5,7.325,32.403,0,4.667,37.5,0,0
OnlyWorldDaiStar,36.364,8.164,29.242,0,4.562,36.364,0,0
Swapin,35.106,5.971,35.469,0,5.091,35.106,0,0
Jakemonkey,34.314,5.459,34.709,0,5.171,34.314,0,0
AnimeroD,32.955,8.794,29.181,2,4.379,32.955,0,0
AnnaYanami,30.909,4.464,37.107,0,5.441,30.909,0,0
Floth,30.851,5.536,35.166,0,5.103,30.851,0,0
Konsumenci,30.833,5.5,30.668,0,4.892,30.833,0,0
Dry,29.412,9.439,29.832,4,4.233,29.412,0,0
SaikiChan,28.409,6.989,28.937,1,4.52,28.409,0,0
zokie,26.596,4.438,36.381,0,5.4,26.596,0,0
Janoxx,24.59,7.177,29.419,2,4.033,24.59,0,0
mahzrunner,20.909,3.67,33.165,0,5.304,20.909,0,0
sunshine_r_w_p,20.909,2.841,36.389,0,5.696,20.909,0,0
YellowRose,20,4.119,34.386,2,4.808,20,0,0
ranny,16.923,3.515,32.442,0,4.727,16.923,0,0
OkitaNobu,15.574,3.154,36.4,0,4.737,15.574,0,0
VuhrCulls,13.077,2.343,32.091,0,5.118,13.077,0,0
xeyz,12.5,1.62,36.442,0,5.455,12.5,0,0
ElJuanchi,9.016,1.791,39.634,1,5.182,9.016,0,0
,,,,,,,,
2025-08-24,,,,,,,,
comfv,87.705,29.371,26.958,14,3.299,87.705,0,0
BlackCondor,82.243,30.384,25.939,18,3.023,82.243,0,0
Baikinman,81.395,29.845,26.592,20,3.171,81.395,0,0
Alkios,58.065,16.335,29.105,8,3.819,58.065,0,0
Anoru_,48.696,10.618,33.045,3,4.232,48.696,0,0
Diukes,47.967,11.71,29.384,4,4.085,47.967,0,0
Pile,43.902,12.728,29.617,9,3.815,43.902,0,0
Coglionedown,43.089,10.211,31.678,4,4.113,43.089,0,0
KaedeDayo,41.121,8.333,32.062,0,4.136,41.121,0,0
Tvaz,40.945,12.635,28.536,7,3.635,40.945,0,0
Poppysr,39.13,8.477,31.32,2,4.244,39.13,0,0
Flato,39.024,9.647,31.92,3,4.125,39.024,0,0
Kazaseno,38.583,9.596,29.667,3,4.041,38.583,0,0
Janoxx,35.484,8.328,28.776,4,4.227,35.484,0,0
Yokipi,31.967,4.811,32.137,0,4.769,31.967,0,0
Swapin,30.645,6.388,33.787,2,4.553,30.645,0,0
SaikiChan,29.565,4.682,33.856,0,4.794,29.565,0,0
Dry,28.455,6.388,30.792,1,4.371,28.455,0,0
zokie,26.357,4.414,33.781,2,4.971,26.357,0,0
Megu29,26.23,5.767,32.174,2,4.312,26.23,0,0
Konsumenci,24.031,4.028,31.873,1,4.871,24.031,0,0
Selaph,23.622,4.58,31.088,1,4.6,23.622,0,0
YellowRose,22.764,3.28,33.669,0,5.071,22.764,0,0
kabao,21.951,3.145,34.546,0,5,21.951,0,0
THE_USUAL,21.774,2.857,35.03,1,5.333,21.774,0,0
Fumiii,21.26,3.905,31.388,1,4.741,21.26,0,0
Progenitor,17.886,2.644,34.276,1,5.045,17.886,0,0
Cherryish,17.213,2.34,40.281,0,5.048,17.213,0,0
VuhrCulls,16.522,2.652,37.555,0,4.947,16.522,0,0
OkitaNobu,15.888,3.074,33.617,0,4.353,15.888,0,0
anicomi,12.403,1.77,34.742,0,5.25,12.403,0,0
a_hooman,3.738,0.669,35.737,0,4.25,3.738,0,0
,,,,,,,,
2025-08-30,,,,,,,,
Baikinman,81.343,26.92,27.546,19,3.578,81.343,0,0
GabrielaRobin,66.667,18.71,29.58,9,3.946,66.667,0,0
ArronChu,62.5,18.238,28.394,8,3.893,62.5,0,0
GodIy,54.615,14.827,30.911,6,4.014,54.615,0,0
OnlyWorldDaiStar,51.825,15.047,29.556,9,3.845,51.825,0,0
Alkios,50,15.426,27.805,4,3.736,50,0,0
oh95,49.057,13.367,30.32,2,3.942,49.057,0,0
Coglionedown,42.5,6.673,33.939,0,4.863,42.5,0,0
Tvaz,42.336,8.843,30.092,1,4.414,42.336,0,0
Janoxx,39.552,8.233,30.434,2,4.491,39.552,0,0
Poppysr,37.692,9.75,28.469,2,4.082,37.692,0,0
Swapin,36.036,5.678,35.472,1,5.025,36.036,0,0
SaikiChan,33.333,8.337,29.115,4,4.27,33.333,0,0
Flato,33.019,6.647,33.352,1,4.6,33.019,0,0
AnnaYanami,31.538,5.26,36.517,1,4.951,31.538,0,0
Shiku,30.833,5.321,36.538,1,4.892,30.833,0,0
YellowRose,29.851,3.321,34.335,0,5.375,29.851,0,0
zokie,28.462,4.815,34.613,1,5.027,28.462,0,0
Jakemonkey,27.737,5.002,36.499,0,4.632,27.737,0,0
ranny,19.167,2.619,34.935,0,5.348,19.167,0,0
OkitaNobu,18.919,3.005,37.341,0,5.19,18.919,0,0
Dummy_,17.164,2.058,33.097,0,5.348,17.164,0,0
VuhrCulls,16.981,2.749,32.532,0,5.111,16.981,0,0
anicomi,13.869,1.988,36.703,1,5.368,13.869,0,0
,,,,,,,,
2025-09-03,,,,,,,,
comfv,90.058,34.826,26.542,9,3.636,90.058,0,0
BlackCondor,89.796,31.996,27.482,10,3.795,89.796,0,0
Baikinman,80.899,25.871,28.094,8,4.229,80.899,0,0
oh95,51.592,11.379,29.615,0,4.975,51.592,0,0
OnlyWorldDaiStar,50.318,9.534,30.209,0,5.152,50.318,0,0
Coglionedown,43.312,7.788,31.593,0,5.279,43.312,0,0
Flato,42.675,8.173,32.367,1,5.269,42.675,0,0
Kenzou_Tenma,39.326,7.14,31.413,1,5.329,39.326,0,0
Swapin,38.764,6.355,34.949,0,5.435,38.764,0,0
Janoxx,35.714,7.985,29.117,0,4.686,35.714,0,0
Poppyjr,35.673,6.353,33.121,0,5.115,35.673,0,0
Poppysr,33.918,7.64,31.082,0,4.862,33.918,0,0
Dry,32.653,7.217,28.166,0,4.688,32.653,0,0
Shiku,31.461,4.495,37.35,1,5.732,31.461,0,0
harges,28.061,5.261,37.16,1,5.091,28.061,0,0
a_hooman,12.281,2.019,35.95,0,5.571,12.281,0,0
,,,,,,,,
2025-09-07,,,,,,,,
Miki_Hoshii,75.676,29.255,28.552,12,3.405,75.676,0,0
GabrielaRobin,64.167,19.942,28.72,5,4,64.167,0,0
Alkios,56.881,18.475,29.618,7,4.016,56.881,0,0
comete,56.757,17.109,30.977,6,4.127,56.757,0,0
mkby,51.961,16.176,28.058,1,3.962,51.961,0,0
badatlife,51.282,12.737,29.756,1,4.433,51.282,0,0
Diukes,49.495,14.56,29.219,4,4.143,49.495,0,0
Pile,48.718,13.664,31.309,3,4.316,48.718,0,0
oh95,48.485,14.021,30.856,5,4.208,48.485,0,0
neoburnz,48.039,13.844,29.624,1,4.102,48.039,0,0
Mami,47.706,12.259,30.616,2,4.365,47.706,0,0
Coglionedown,43.333,9.867,32.145,2,4.635,43.333,0,0
Chemist,37.838,7.764,31.822,1,4.833,37.838,0,0
harges,37.615,9.638,36.253,3,4.537,37.615,0,0
Poppysr,37.607,7.914,30.292,0,4.773,37.607,0,0
Swapin,34.343,8.381,33.806,2,4.618,34.343,0,0
THE_USUAL,29.358,3.796,35.117,0,5.438,29.358,0,0
Konsumenci,28.829,7.173,28.188,0,4.344,28.829,0,0
Janoxx,28.829,7.309,29.848,1,4.25,28.829,0,0
Mayottatoki,27.451,8.012,31.594,3,4.321,27.451,0,0
SaikiChan,25.806,5.126,31.967,0,4.792,25.806,0,0
Nephirea,25.225,5.272,34.273,0,4.607,25.225,0,0
Kirox,24.786,4.346,34.011,1,5.345,24.786,0,0
Andrey_K,23.423,4.627,33.99,1,5.154,23.423,0,0
mahzrunner,21.505,6.933,31.27,3,4.2,21.505,0,0
Naizuri,19.167,2.159,35.346,0,5.739,19.167,0,0
OkitaNobu,17.172,2.887,36.02,0,5.176,17.172,0,0
I_dont_like_loli,15.315,2.125,38.211,0,5.353,15.315,0,0
ElJuanchi,11.828,1.138,35.716,0,5.909,11.828,0,0
anicomi,9.804,0.851,34.214,0,6.3,9.804,0,0
,,,,,,,,
2025-09-15,,,,,,,,
comfv,90.598,36.733,27.116,15,3.557,90.598,0,0
BlackCondor,86,34.678,25.068,19,3.636,86,0,0
AKl,77.519,27.095,27.969,10,3.92,77.519,0,0
GabrielaRobin,60.403,14.115,28.451,1,4.656,60.403,0,0
Baguett,57.273,15.818,29.651,2,4.302,57.273,0,0
Alkios,57.037,14.876,27.873,2,4.494,57.037,0,0
florenz,56.364,13.956,32.466,1,4.548,56.364,0,0
OnlyWorldDaiStar,55.034,13.85,28.771,4,4.61,55.034,0,0
comete,53.077,13.17,28.7,1,4.696,53.077,0,0
Thaleko,51.111,12.635,28.558,2,4.609,51.111,0,0
neoburnz,45.614,11.235,28.318,2,4.635,45.614,0,0
mkby,45.614,11.97,26.874,1,4.5,45.614,0,0
Coglionedown,45.385,8.979,31.46,1,5.102,45.385,0,0
Mami,44,9.361,27.098,1,4.773,44,0,0
oh95,42.105,9.574,28.142,2,4.771,42.105,0,0
Flato,40,8.06,30.55,0,4.926,40,0,0
Poppysr,38.76,9.052,29.643,2,4.74,38.76,0,0
Swapin,35.455,7.246,33.052,0,4.949,35.455,0,0
Janoxx,34.899,8.564,29.081,4,4.885,34.899,0,0
Konsumenci,34.109,7.765,29.473,0,4.727,34.109,0,0
hmsuis,32.667,5.768,29.316,0,5.143,32.667,0,0
Kirox,32.479,6.754,31.615,0,4.763,32.479,0,0
harges,29.915,7.495,34.606,0,4.486,29.915,0,0
AnnaYanami,29.825,7.01,31.027,3,4.912,29.825,0,0
SaikiChan,25.185,5.121,30.647,1,5.088,25.185,0,0
mahzrunner,24.545,4.077,32.954,1,5.407,24.545,0,0
Fumiii,22.308,2.927,33.721,0,5.828,22.308,0,0
Hyonoobka,21.368,5.403,27.882,1,4.64,21.368,0,0
AnotherWish,15.504,1.983,34.668,0,5.65,15.504,0,0
brandon_K,4.667,0.907,37.216,0,4.857,4.667,0,0
