Player ID,PlayerName,GuessRate,erigs,Seven8,avg8,LivesTaken,LivesSaved,WIN,LOSE,TIE,RigsHit,OfflistHit,Rigs,RigsMissed,SoloRigs,MissedSolos,LivesLostOnRigs,OfflistErigs,rigs8,Samples
7.0,Stunar,85.437,4.0,0.0,3.136,13.0,38.0,3.0,2.0,0.0,29.0,59.0,30.0,1.0,6.0,0.0,1.0,2.0,3.333,1
8.0,Hejsan,47.273,0.0,1.0,4.365,2.0,20.0,3.0,2.0,0.0,30.0,22.0,40.0,10.0,5.0,1.0,4.0,0.0,3.9,1
14.0,ArronChu,66.139,10.5,0.75,3.602,16.5,24.25,10.0,11.0,3.0,25.75,69.5,28.25,2.5,11.25,1.25,0.5,3.25,2.264,4
20.0,kar72,61.538,6.5,0.25,3.554,13.75,16.75,15.0,6.0,0.0,33.75,36.25,37.5,3.75,4.25,0.25,1.75,2.5,3.519,4
21.0,PoolNoodle,72.511,8.0,0.0,3.362,15.0,26.25,19.0,25.0,1.0,23.875,61.25,24.25,0.375,7.375,0.0,0.125,2.875,2.853,8
23.0,Shuuka,35.593,5.0,0.0,3.286,9.0,10.0,4.0,2.0,0.0,23.0,19.0,40.0,17.0,8.0,4.0,2.0,1.0,2.45,1
30.0,revel,55.441,6.5,0.0,3.583,13.5,14.5,6.0,4.0,0.0,33.0,26.5,35.5,2.5,7.5,0.0,1.0,0.5,3.174,2
33.0,Tsui,60.74,4.3,0.0,3.918,10.7,19.0,21.0,28.0,4.0,22.8,55.0,27.8,5.0,6.2,1.2,1.7,2.1,3.396,10
37.0,claydoll1091,42.53,3.9,0.1,3.878,9.2,8.0,29.0,23.0,1.0,20.0,27.4,24.4,4.4,8.0,1.7,0.6,0.4,2.89,10
38.0,Diukes,46.269,5.0,1.0,3.839,9.0,10.0,4.0,1.0,1.0,37.0,25.0,59.0,22.0,11.0,3.0,3.0,0.0,3.119,1
40.0,FUCK_AMQ,33.1,4.2,0.2,3.634,8.0,6.0,13.0,14.0,0.0,21.6,12.0,34.4,12.8,5.2,2.0,2.6,0.2,2.993,5
45.0,Noru,54.438,5.667,0.333,3.888,9.333,8.333,10.0,5.0,0.0,30.333,24.0,36.333,6.0,7.667,0.667,2.0,0.0,3.323,3
46.0,Orfey,37.05,4.333,0.667,3.604,7.667,9.333,9.0,8.0,0.0,23.333,17.0,32.667,9.333,5.333,2.333,1.667,0.0,2.887,3
47.0,Renzou,56.305,7.5,0.0,3.606,13.0,12.0,5.0,5.0,0.0,35.0,28.5,38.0,3.0,10.5,1.5,1.0,0.0,2.86,2
49.0,accelerator11,38.017,3.0,3.0,4.304,10.0,6.0,4.0,1.0,0.0,27.0,19.0,56.0,29.0,8.0,4.0,9.0,0.0,3.179,1
50.0,Sniparook,58.974,4.0,0.0,4.217,5.0,18.0,2.0,4.0,0.0,53.0,39.0,67.0,14.0,6.0,2.0,5.0,1.0,3.642,1
51.0,Chata,52.208,4.5,0.333,4.183,9.667,10.167,19.0,11.0,1.0,34.0,35.0,38.833,4.833,5.0,1.333,0.833,1.167,3.823,6
52.0,Thaleko,66.241,6.4,0.0,3.836,13.2,19.2,14.0,12.0,0.0,38.8,41.6,40.4,1.6,5.4,0.4,0.8,1.4,3.628,5
58.0,Lika,42.577,8.6,0.2,3.548,12.4,10.6,15.0,11.0,2.0,23.0,28.4,25.8,2.8,9.6,0.8,0.6,0.6,2.386,5
59.0,neoburnz,63.983,5.8,0.0,3.851,13.6,18.4,26.0,25.0,3.0,41.8,41.2,44.4,2.6,6.9,0.6,0.9,1.0,3.446,10
66.0,bamboo,43.607,5.143,0.0,3.877,10.0,9.286,20.0,16.0,2.0,27.571,26.286,27.857,0.286,8.0,0.143,0.0,0.571,3.373,7
67.0,DKing20,47.899,1.0,0.0,4.474,8.0,8.0,3.0,2.0,0.0,36.0,21.0,36.0,0.0,4.0,0.0,0.0,0.0,4.222,1
69.0,Jube,34.409,2.0,0.0,4.125,6.0,4.0,2.0,3.0,0.0,18.0,14.0,24.0,6.0,3.0,2.0,1.0,0.0,3.167,1
70.0,MahiruShiina,50.311,6.0,0.1,3.631,11.0,12.6,29.0,26.0,0.0,42.4,13.5,51.4,9.0,8.5,2.2,3.2,0.1,3.182,10
72.0,ruuka,40.286,3.0,1.333,3.699,7.333,8.667,8.0,9.0,0.0,22.667,16.333,38.0,15.333,6.0,0.667,3.333,0.333,3.156,3
77.0,neptune,62.287,3.5,1.0,4.411,11.5,9.5,7.0,4.0,0.0,48.0,34.5,52.5,4.5,4.5,0.5,1.5,0.0,4.136,2
78.0,doomchicken,48.624,4.0,0.0,3.452,10.5,12.5,7.0,5.0,0.0,35.5,18.5,41.5,6.0,6.0,1.0,2.0,0.0,3.06,2
79.0,JuliAless64,56.18,4.667,0.333,4.055,8.0,17.667,5.0,8.0,1.0,41.0,22.0,48.0,7.0,6.667,1.333,3.0,0.333,3.7,3
81.0,Pile,46.098,5.4,0.0,4.08,9.6,13.2,13.0,14.0,2.0,39.6,26.2,55.4,15.8,12.4,6.0,4.0,0.4,3.057,5
82.0,ShiinaMahiru,58.774,4.75,0.0,4.025,9.75,17.5,11.0,12.0,0.0,36.0,45.25,36.75,0.75,4.0,0.0,0.5,1.5,4.053,4
83.0,Milar,61.434,6.8,0.2,3.471,13.0,22.0,13.0,15.0,0.0,29.2,43.2,33.0,3.8,8.8,1.2,1.0,1.0,2.696,5
84.0,Alkios,42.042,2.0,0.0,4.269,6.333,10.0,7.0,10.0,0.0,17.0,35.0,22.667,5.667,4.0,1.333,0.667,1.0,3.879,3
87.0,Beokros,46.194,4.857,0.143,3.9,9.286,12.0,22.0,14.0,4.0,36.857,23.714,40.714,3.857,9.0,1.143,0.857,0.571,3.318,7
88.0,Emdiel,49.184,4.0,0.1,4.031,9.1,9.6,27.0,26.0,0.0,35.8,16.7,43.6,7.8,4.3,1.2,3.3,0.5,3.526,10
90.0,Keizan,31.231,4.5,1.5,3.586,8.0,4.0,5.0,5.0,0.0,20.0,9.5,27.5,7.5,10.0,1.0,2.5,0.0,3.15,2
91.0,Baikinman,42.644,1.5,0.5,4.345,5.5,7.0,6.0,4.0,0.0,30.0,16.0,49.5,19.5,3.0,1.0,6.0,0.0,3.617,2
97.0,chaabdu92,42.57,2.5,0.333,4.102,6.667,8.333,18.0,14.0,1.0,29.5,19.833,34.0,4.5,5.667,0.5,0.667,0.333,3.819,6
98.0,Comete,41.6,3.0,1.0,4.231,8.0,5.0,5.0,1.0,0.0,35.0,17.0,45.0,10.0,7.0,2.0,1.0,0.0,3.844,1
100.0,753,48.52,2.75,0.5,4.285,7.5,9.75,12.0,10.0,0.0,43.75,19.5,67.25,23.5,6.5,6.0,3.25,0.75,3.328,4
103.0,mrwolf2,44.578,7.0,0.0,2.649,13.0,10.0,3.0,2.0,0.0,11.0,26.0,20.0,9.0,5.0,4.0,1.0,2.0,1.55,1
104.0,joey,40.778,3.4,0.3,3.925,9.5,5.9,25.0,29.0,0.0,26.0,18.4,30.9,4.9,6.2,0.6,1.8,0.5,3.376,10
105.0,Zeal_Kido,38.938,5.0,0.0,3.591,9.0,12.0,2.0,3.0,0.0,37.0,7.0,50.0,13.0,6.0,6.0,2.0,0.0,2.86,1
106.0,cafezinho,51.916,4.4,0.0,3.808,10.9,13.0,27.0,26.0,2.0,40.0,22.0,48.9,8.9,6.1,1.4,2.8,0.7,3.314,10
107.0,Cindergoat,17.548,1.5,0.0,4.148,5.0,1.5,2.0,7.0,1.0,12.5,6.5,27.5,15.0,5.5,2.5,4.0,0.0,2.778,2
112.0,Legitted,47.674,4.0,0.0,4.402,10.0,10.0,3.0,3.0,0.0,24.0,58.0,25.0,1.0,9.0,0.0,0.0,1.0,3.52,1
113.0,Maki04,51.01,1.75,0.25,4.297,8.0,11.0,8.0,12.0,2.0,39.0,28.5,49.0,10.0,6.25,1.75,2.25,0.5,3.842,4
114.0,Mayottatoki,47.685,2.8,0.2,4.379,6.4,7.4,8.0,16.0,1.0,28.8,23.4,38.4,9.6,6.0,2.0,2.2,0.4,3.84,5
119.0,Fumiii,51.915,3.1,0.0,4.145,8.7,10.6,24.0,28.0,1.0,44.2,19.0,48.0,3.8,4.1,0.5,1.0,0.3,3.851,10
120.0,HiHi,41.985,4.0,1.0,4.018,7.0,12.0,1.0,4.0,1.0,33.0,22.0,35.0,2.0,7.0,1.0,0.0,1.0,4.086,1
121.0,Janoxx,29.788,4.5,0.8,3.651,9.1,4.7,28.0,25.0,0.0,14.9,17.8,16.0,1.1,6.7,0.7,0.2,0.6,2.362,10
123.0,Konsumenci,32.865,4.1,0.7,4.109,8.0,4.9,26.0,26.0,0.0,17.2,21.2,21.6,4.4,8.8,1.9,0.6,0.5,2.959,10
128.0,apurplenose,54.891,5.143,0.143,4.051,8.857,11.286,17.0,16.0,2.0,28.0,33.714,30.429,2.429,6.429,0.429,1.0,0.857,3.571,7
129.0,peeku,45.098,4.0,0.0,4.304,6.0,4.0,1.0,4.0,0.0,26.0,20.0,29.0,3.0,4.0,1.0,1.0,1.0,4.0,1
133.0,ChrisLefko,35.847,0.5,1.0,4.508,4.5,5.0,4.0,5.0,1.0,27.0,18.0,38.5,11.5,2.5,0.5,2.0,0.0,3.948,2
134.0,Jakemonkey,48.057,2.333,0.333,4.043,6.333,9.333,5.0,10.0,0.0,23.333,26.667,26.667,3.333,6.0,1.0,0.333,0.0,3.602,3
136.0,Megu29,25.51,2.0,0.0,3.8,5.0,2.0,2.0,3.0,0.0,20.0,5.0,42.0,22.0,7.0,3.0,4.0,0.0,2.714,1
139.0,benevelante,33.414,1.667,1.667,4.512,4.333,9.333,6.0,9.0,1.0,30.0,12.667,37.0,7.0,3.333,0.0,2.667,0.333,4.329,3
143.0,mahzrunner,40.071,2.625,0.25,4.37,7.125,5.125,16.0,25.0,1.0,26.75,21.875,32.0,5.25,6.75,0.875,1.5,0.125,3.714,8
144.0,liljakatsuragi,47.123,2.7,0.2,4.154,8.4,9.8,24.0,29.0,2.0,35.2,19.0,40.5,5.3,4.4,1.0,1.5,0.5,3.809,10
146.0,tapumomo,44.884,4.5,0.5,3.961,10.0,6.875,26.0,16.0,1.0,28.75,21.875,32.5,3.75,6.5,0.75,0.375,1.125,3.457,8
147.0,thjalago,24.115,4.25,2.5,4.028,7.75,3.5,11.0,12.0,0.0,18.5,8.5,21.25,2.75,6.25,0.75,1.25,0.0,3.485,4
148.0,uy5gf,26.785,2.5,0.0,4.536,5.5,2.5,6.0,5.0,0.0,20.5,9.0,32.0,11.5,5.5,2.0,2.5,0.0,3.278,2
149.0,Zozo,45.34,4.0,0.0,3.742,7.667,10.0,10.0,6.0,0.0,24.667,23.333,29.0,4.333,6.0,0.333,2.0,1.333,3.289,3
150.0,Bommie,42.455,2.0,0.333,4.571,5.0,5.667,11.0,22.0,0.0,44.0,12.0,55.833,11.833,4.5,1.333,2.333,0.167,4.174,6
155.0,Unborned,22.979,1.6,1.0,4.667,3.8,1.8,12.0,13.0,1.0,21.6,7.8,32.8,11.2,4.4,2.6,0.6,0.0,3.937,5
156.0,Zental,53.406,6.5,0.0,3.954,13.5,10.0,5.0,5.0,1.0,45.5,22.5,48.5,3.0,9.0,1.0,1.0,0.0,3.673,2
157.0,CM02,30.533,2.2,0.4,4.219,5.0,3.8,16.0,9.0,1.0,25.0,8.8,28.8,3.8,2.6,0.6,0.2,0.0,3.848,5
159.0,legrandort,37.834,2.6,0.4,4.455,4.8,6.0,11.0,15.0,0.0,29.2,18.4,29.8,0.6,5.0,0.6,0.0,0.2,4.112,5
160.0,Skychael,36.666,4.3,0.9,3.933,8.9,6.7,30.0,23.0,2.0,30.1,16.5,34.6,4.5,8.9,1.3,1.7,0.2,3.214,10
164.0,IAmAsianNoob,27.775,0.125,0.625,4.817,3.125,3.875,21.0,20.0,0.0,19.25,13.5,23.75,4.5,3.125,1.0,0.25,0.0,4.142,8
168.0,Lightning,36.097,2.2,0.3,4.574,4.8,5.2,22.0,32.0,2.0,32.4,14.2,38.3,5.9,6.3,1.2,1.6,0.2,3.99,10
170.0,hubcioskubcio,16.761,1.0,1.222,4.655,1.667,2.111,25.0,21.0,2.0,16.667,2.444,20.333,3.667,3.0,0.333,0.556,0.0,4.218,9
171.0,JustAWeirdo,23.364,1.9,0.2,4.285,4.1,3.7,32.0,20.0,1.0,16.5,9.8,19.3,2.8,4.4,0.4,0.5,0.2,3.65,10
172.0,oolli,32.144,2.4,0.5,4.16,6.0,4.7,31.0,24.0,1.0,31.4,6.8,40.6,9.2,5.4,1.3,1.7,0.0,3.615,10
174.0,TateyamaAyano,18.686,1.0,0.0,4.054,2.5,2.5,4.0,7.0,0.0,15.0,4.0,27.0,12.0,7.0,2.5,1.5,0.0,2.836,2
175.0,Kirox,40.719,3.0,0.5,3.858,8.0,5.0,4.0,6.0,0.0,30.5,9.5,37.0,6.5,4.0,0.0,3.0,0.0,3.655,2
176.0,Spitzell,45.693,3.7,0.1,4.084,8.6,7.4,24.0,30.0,0.0,36.2,19.1,39.4,3.2,7.0,0.6,1.0,0.3,3.816,10
177.0,oh95,49.981,3.0,0.0,4.249,8.5,11.0,8.0,3.0,0.0,27.5,35.0,34.5,7.0,5.0,0.0,1.5,1.5,3.724,2
179.0,Floth,34.738,4.2,0.4,3.772,7.7,7.5,28.0,26.0,0.0,22.5,17.3,27.3,4.8,7.9,1.4,1.5,0.2,2.863,10
180.0,psirockin,26.405,2.0,0.5,4.131,5.3,4.1,25.0,28.0,0.0,21.3,6.6,31.7,10.4,6.7,2.7,2.6,0.0,3.02,10
181.0,Yolowolf75,30.7,1.5,1.0,4.452,4.0,3.0,3.0,7.0,0.0,17.5,11.5,37.0,19.5,4.5,1.5,4.0,0.0,3.21,2
191.0,redeyes,42.769,4.0,0.5,3.748,7.5,6.0,4.0,6.0,0.0,28.0,19.5,39.0,11.0,5.5,2.5,1.5,0.0,3.117,2
200.0,Nefregar,22.414,3.0,2.0,3.5,7.0,6.0,1.0,5.0,0.0,26.0,0.0,39.0,13.0,3.0,2.0,2.0,0.0,3.0,1
201.0,rorf,35.413,3.7,0.3,3.985,7.7,4.6,20.0,32.0,1.0,21.7,17.4,25.0,3.3,5.3,0.5,0.6,0.3,3.223,10
205.0,sssthnoob,43.622,2.0,0.2,4.243,8.4,6.6,12.0,13.0,2.0,47.4,11.4,55.0,7.6,5.6,1.4,0.6,0.0,3.848,5
214.0,Torradinhas,33.688,3.0,0.429,4.043,5.714,5.143,17.0,21.0,0.0,25.429,13.429,29.857,4.429,4.714,1.0,0.857,0.0,3.284,7
217.0,ShelterRin,47.744,2.286,0.143,4.117,8.0,9.429,22.0,16.0,1.0,29.286,30.0,32.571,3.286,4.0,1.0,0.429,0.714,3.641,7
220.0,Bofu,52.482,6.0,0.0,4.193,9.0,8.0,5.0,5.0,0.0,28.0,31.5,28.0,0.0,4.5,0.0,0.0,0.0,3.836,2
221.0,Neumann,50.45,3.0,0.0,3.946,9.0,8.0,4.0,1.0,0.0,37.0,19.0,42.0,5.0,4.0,0.0,1.0,0.0,3.762,1
223.0,VuhrCulls,30.283,2.5,0.25,4.379,4.5,3.75,9.0,12.0,0.0,23.0,8.0,24.75,1.75,4.0,0.5,0.0,0.25,4.064,4
226.0,Jessi,39.091,4.0,0.0,4.209,9.0,8.0,4.0,1.0,0.0,28.0,15.0,30.0,2.0,7.0,0.0,0.0,0.0,3.667,1
228.0,Dry,36.823,4.5,0.5,3.893,9.25,8.5,11.0,12.0,0.0,39.0,6.25,50.0,11.0,6.75,0.5,2.25,0.0,3.684,4
230.0,BigSmo,31.47,2.0,0.0,4.307,5.0,3.0,5.0,6.0,0.0,24.5,11.5,41.0,16.5,4.0,1.0,3.0,0.0,3.296,2
236.0,Serozero,29.403,3.0,0.7,3.914,6.5,4.7,24.0,29.0,1.0,22.0,9.6,28.0,6.0,5.8,1.8,1.2,0.0,3.079,10
238.0,Progenitor,54.568,3.6,0.4,4.053,10.6,8.8,10.0,14.0,2.0,35.2,21.6,39.8,4.6,4.8,1.4,1.4,0.4,3.492,5
239.0,yonyon,8.511,1.0,0.0,4.25,1.0,1.0,1.0,5.0,0.0,7.0,1.0,12.0,5.0,6.0,2.0,0.0,0.0,2.917,1
241.0,yasashiikumo,41.483,2.333,0.167,4.149,7.667,6.667,15.0,16.0,0.0,27.0,19.833,33.167,6.167,5.833,1.333,2.167,0.5,3.702,6
244.0,KNotAnyMore,36.677,1.667,0.667,4.53,4.667,3.0,11.0,3.0,1.0,28.0,12.333,32.0,4.0,1.0,0.333,0.333,0.0,4.011,3
247.0,Shadow,38.456,1.9,0.2,4.449,5.6,4.9,27.0,25.0,2.0,30.8,12.3,35.8,5.0,5.4,0.7,1.0,0.0,3.788,10
250.0,md22,40.618,2.4,0.2,4.242,5.2,8.0,18.0,10.0,0.0,7.8,42.6,8.2,0.4,0.8,0.0,0.2,2.2,4.715,5
259.0,Patoche49,36.355,1.0,0.5,4.622,3.7,4.9,27.0,26.0,2.0,27.9,15.2,30.2,2.3,3.6,0.3,0.7,0.1,4.239,10
260.0,AnotherWish,38.058,4.333,0.333,3.891,9.667,5.333,11.0,4.0,0.0,34.333,7.0,41.333,7.0,6.333,0.333,0.667,0.0,3.584,3
268.0,civiltwlight,60.343,6.6,0.1,3.661,14.1,17.1,27.0,25.0,2.0,20.3,53.9,23.9,3.6,7.3,1.4,0.9,1.6,2.824,10
274.0,Mami,49.733,6.857,0.143,3.51,11.143,14.0,16.0,21.0,1.0,20.143,32.857,23.429,3.286,9.143,0.857,0.714,1.286,2.775,7
276.0,hmsuis,44.766,2.4,0.1,4.181,6.9,8.0,30.0,20.0,2.0,25.9,27.1,29.6,3.7,3.9,0.6,0.5,0.4,3.866,10
277.0,chemist,38.182,1.2,1.0,4.231,5.8,6.2,9.0,16.0,0.0,15.0,25.2,15.8,0.8,3.2,0.2,0.2,0.2,3.874,5
285.0,miiarad,43.053,2.1,0.2,4.426,6.6,7.5,28.0,23.0,2.0,23.4,25.0,25.3,1.9,4.8,0.5,0.9,0.3,3.925,10
286.0,Lakumix,38.181,3.8,0.5,4.108,8.4,6.8,22.0,28.0,2.0,26.6,18.5,30.5,3.9,5.9,1.0,1.0,0.1,3.441,10
289.0,Provenance,39.696,5.429,0.143,3.702,10.143,7.143,23.0,16.0,0.0,27.714,15.857,30.571,2.857,8.143,1.0,0.571,0.429,3.11,7
290.0,ac9123,39.437,1.0,0.0,4.071,7.0,11.0,3.0,2.0,1.0,29.0,27.0,30.0,1.0,6.0,0.0,0.0,0.0,3.833,1
291.0,ss_r_white_pony,37.503,3.571,0.286,4.061,7.143,7.429,20.0,18.0,0.0,24.0,18.571,26.429,2.429,5.857,0.286,0.714,0.286,3.317,7
292.0,FeyFey,26.312,2.0,0.5,4.235,5.0,5.0,28.0,26.0,2.0,23.5,8.3,36.8,13.3,6.0,1.7,1.9,0.0,3.469,10
307.0,kaededayo,52.808,4.333,0.0,3.806,8.333,13.333,6.0,10.0,0.0,27.333,31.333,30.0,2.667,4.333,0.667,0.667,1.333,3.324,3
311.0,beautiful,45.37,3.0,1.0,4.204,5.0,7.0,2.0,3.0,0.0,16.0,33.0,18.0,2.0,3.0,0.0,1.0,1.0,3.556,1
318.0,Nephirea,56.894,3.4,0.0,4.156,11.0,13.4,25.0,27.0,3.0,29.8,40.2,30.5,0.7,4.3,0.0,0.2,0.5,3.876,10
320.0,YunnN,35.385,4.0,1.0,4.0,10.0,7.0,2.0,3.0,0.0,27.0,19.0,27.0,0.0,3.0,0.0,0.0,0.0,3.519,1
322.0,Catge,32.655,1.2,0.4,4.684,3.2,5.0,27.0,23.0,7.0,27.7,17.6,30.8,3.1,3.7,1.0,0.4,0.1,4.132,10
325.0,Swapin,40.463,3.6,0.0,4.237,7.4,7.4,14.0,11.0,0.0,28.8,17.2,34.8,6.0,7.0,1.8,1.2,0.2,3.649,5
326.0,pomo,36.568,2.7,0.4,4.094,5.9,7.3,25.0,26.0,2.0,31.2,9.4,39.6,8.4,5.6,1.2,1.8,0.3,3.511,10
327.0,Flato,49.806,2.556,0.0,3.981,7.333,10.778,25.0,21.0,1.0,28.333,26.889,35.556,7.222,4.0,1.111,2.667,0.333,3.423,9
328.0,tskr,33.634,2.333,0.333,4.454,4.833,5.833,14.0,17.0,2.0,32.0,10.167,48.5,16.5,7.0,3.333,2.5,0.333,3.653,6
330.0,_nadeshiko,38.714,3.167,0.5,4.038,7.167,7.833,13.0,18.0,0.0,15.333,28.333,17.0,1.667,5.833,0.333,0.833,0.167,3.498,6
334.0,2skr,27.321,3.9,1.1,3.732,7.6,4.9,33.0,20.0,0.0,21.8,8.9,23.6,1.8,9.5,0.5,0.7,0.0,2.953,10
335.0,xeyz,31.855,1.0,0.9,4.488,4.1,4.3,28.0,25.0,0.0,35.5,2.8,75.1,39.6,7.1,4.3,7.7,0.0,3.348,10
336.0,fiftypercentweeb,39.216,2.0,0.0,4.5,3.0,7.0,2.0,3.0,0.0,29.0,11.0,35.0,6.0,2.0,0.0,0.0,2.0,4.314,1
338.0,ranny,25.502,4.8,1.4,3.838,7.4,4.0,15.0,13.0,0.0,19.2,10.2,26.6,7.4,10.4,4.0,1.6,0.4,2.672,5
343.0,inta,27.499,1.4,0.6,4.479,4.6,4.1,25.0,27.0,2.0,18.9,10.6,23.1,4.2,4.1,0.9,0.8,0.1,3.858,10
344.0,Naizuri,39.35,3.0,0.2,4.263,6.8,6.1,30.0,24.0,2.0,29.8,18.0,34.3,4.5,3.0,0.8,0.8,0.9,3.975,10
347.0,Selaph,43.023,3.0,1.0,3.514,7.0,12.0,4.0,1.0,0.0,20.0,17.0,21.0,1.0,3.0,0.0,0.0,1.0,3.048,1
348.0,Heleos,35.995,2.4,0.5,4.236,7.0,6.1,30.0,24.0,0.0,27.3,14.5,31.4,4.1,7.3,1.0,0.9,0.1,3.614,10
349.0,Porte,32.291,3.9,0.6,3.884,7.9,6.7,27.0,26.0,3.0,26.7,13.2,31.2,4.5,6.8,1.0,0.5,0.4,3.313,10
351.0,kabigon,66.471,5.0,2.0,4.478,10.0,18.0,4.0,2.0,0.0,52.0,61.0,52.0,0.0,0.0,0.0,0.0,3.0,4.692,1
353.0,Solosion,42.212,2.0,1.0,4.027,7.5,5.5,5.0,6.0,0.0,20.5,22.5,21.5,1.0,5.5,0.0,0.5,0.0,3.723,2
356.0,Isekaijoucho,37.696,1.4,0.3,4.252,5.5,6.4,24.0,28.0,1.0,26.2,20.2,40.3,14.1,4.5,1.6,2.6,0.2,3.622,10
357.0,chommy,28.902,2.2,0.7,4.235,5.5,4.5,15.0,37.0,2.0,18.4,16.1,19.8,1.4,4.8,0.7,0.1,0.1,3.543,10
358.0,mangoss,48.306,2.7,0.3,4.445,7.3,8.9,24.0,28.0,4.0,41.0,25.5,48.4,7.4,4.9,0.9,1.6,0.4,4.103,10
363.0,Wiwmek,13.237,1.5,0.25,3.924,3.0,2.25,10.0,12.0,0.0,11.0,3.5,31.5,20.5,4.0,1.5,1.0,0.0,3.16,4
364.0,I_dont_like_loli,21.739,1.0,1.0,4.52,2.0,0.0,3.0,2.0,0.0,14.0,11.0,21.0,7.0,4.0,0.0,0.0,0.0,3.81,1
366.0,AitsukiNakuru,45.908,2.7,0.1,4.393,5.2,8.3,27.0,28.0,1.0,45.1,14.5,56.9,11.8,6.1,1.9,2.9,0.4,3.931,10
367.0,PotassiumF,35.21,1.8,0.6,4.534,4.8,6.0,26.0,28.0,2.0,32.1,14.9,35.1,3.0,3.9,0.6,0.7,0.3,4.17,10
368.0,arpia97,18.692,2.0,0.0,4.2,2.0,2.0,2.0,4.0,0.0,14.0,6.0,29.0,15.0,4.0,5.0,2.0,0.0,2.931,1
369.0,florenz,41.976,0.667,0.0,4.193,6.333,6.333,10.0,6.0,0.0,19.0,31.0,27.667,8.667,2.333,0.667,1.333,0.333,3.796,3
370.0,Andrey_K,29.203,3.5,1.0,4.135,7.0,5.5,7.0,4.0,0.0,25.0,10.0,28.5,3.5,7.0,0.5,0.0,0.0,3.698,2
373.0,harges,47.224,2.0,0.25,4.462,6.5,7.5,9.0,11.0,1.0,27.25,32.0,28.0,0.75,2.0,0.0,0.0,0.75,4.586,4
376.0,qwecocacola,38.226,1.857,0.0,4.108,6.143,7.429,18.0,19.0,1.0,27.714,18.714,29.571,1.857,3.429,0.286,0.571,0.571,3.88,7
378.0,erzakuran,9.199,0.75,2.5,4.216,2.75,0.875,18.0,23.0,1.0,9.25,1.625,14.0,4.75,2.375,0.75,0.875,0.125,3.437,8
379.0,CipherKai,55.385,3.1,0.0,4.083,10.1,10.9,24.0,29.0,2.0,47.6,20.0,51.5,3.9,6.0,0.9,0.7,0.3,3.932,10
381.0,Goko8765,21.32,3.0,0.333,3.705,5.667,4.333,10.0,7.0,0.0,21.667,5.333,35.333,13.667,8.0,1.667,2.667,0.0,2.917,3
382.0,Shiku,31.626,0.0,0.0,4.269,2.5,4.5,6.0,4.0,0.0,17.5,12.5,25.0,7.5,2.0,1.0,0.0,0.0,3.696,2
388.0,Tsuni,19.643,1.0,1.0,4.591,2.0,4.0,3.0,2.0,0.0,19.0,3.0,42.0,23.0,9.0,5.0,4.0,0.0,3.143,1
389.0,sharet,42.6,3.0,1.8,4.43,7.4,6.6,11.0,17.0,0.0,24.6,29.4,27.6,3.0,4.6,0.4,0.4,0.4,4.175,5
393.0,Kyuuuu,32.748,2.2,0.7,4.374,5.5,5.0,22.0,33.0,0.0,26.4,12.0,33.1,6.7,4.5,0.4,1.3,0.0,3.936,10
394.0,Komari,52.653,3.0,0.333,4.226,7.667,8.667,14.0,15.0,1.0,35.5,27.5,40.0,4.5,3.333,0.333,0.833,1.5,4.099,6
395.0,LordGrond,24.237,2.7,0.8,3.978,5.6,3.1,33.0,22.0,1.0,19.1,7.5,19.7,0.6,4.9,0.1,0.1,0.1,3.526,10
398.0,kabao,33.0,2.0,1.0,3.879,7.0,2.0,3.0,3.0,0.0,19.0,14.0,24.0,5.0,9.0,0.0,2.0,0.0,3.5,1
399.0,ElJuanchi,24.05,0.8,0.8,5.181,2.2,1.6,13.0,12.0,1.0,14.8,11.6,16.6,1.8,1.2,0.0,0.6,0.0,4.67,5
400.0,Vr0003,32.624,0.0,3.0,4.543,2.0,8.0,2.0,3.0,0.0,31.0,15.0,43.0,12.0,5.0,0.0,2.0,0.0,3.907,1
401.0,Spartric,29.845,1.0,0.7,4.492,3.1,5.2,28.0,26.0,1.0,30.1,8.0,44.1,14.0,2.5,0.6,2.0,0.1,3.954,10
403.0,AnnaYanami,41.966,2.714,0.143,4.219,7.714,7.143,20.0,21.0,0.0,25.571,24.571,26.429,0.857,4.571,0.429,0.286,0.143,3.83,7
404.0,anatharax,21.935,2.25,1.625,4.154,4.75,4.125,13.0,28.0,3.0,21.75,3.375,26.375,4.625,5.875,0.875,1.25,0.0,3.81,8
405.0,anicomi,23.918,1.7,0.8,4.458,3.2,2.4,27.0,25.0,1.0,20.9,7.2,30.6,9.7,5.1,1.9,1.7,0.1,3.614,10
407.0,Bullymel36,23.587,1.5,1.0,3.907,6.0,1.5,5.0,5.0,0.0,18.0,6.0,20.5,2.5,5.5,0.0,0.0,0.0,3.755,2
410.0,FoopyPoopy,22.579,1.8,0.3,4.122,4.1,3.1,24.0,31.0,1.0,21.0,4.6,25.5,4.5,4.3,0.8,0.9,0.0,3.714,10
413.0,zokie,35.278,1.0,1.0,4.528,4.0,5.0,4.0,6.0,0.0,20.0,16.0,24.0,4.0,3.5,0.0,1.0,0.0,3.684,2
416.0,OkitaNobu,25.04,2.0,0.6,4.299,4.4,4.6,10.0,16.0,1.0,18.0,12.0,31.8,13.8,5.4,1.8,3.4,0.2,3.149,5
417.0,YellowRose,28.23,1.667,1.0,4.379,4.333,3.333,4.0,11.0,0.0,24.667,7.667,32.0,7.333,6.333,1.0,0.667,0.0,3.793,3
419.0,keysha18,38.095,0.0,0.0,4.5,2.0,6.0,2.0,2.0,1.0,26.0,14.0,30.0,4.0,9.0,1.0,1.0,0.0,4.167,1
420.0,OSXtrafton,11.57,1.5,0.0,3.889,2.0,1.5,4.0,6.0,0.0,8.5,3.0,30.0,21.5,7.5,2.0,1.5,0.0,3.355,2
426.0,brandon_K,11.856,1.1,0.4,3.838,2.2,2.0,20.0,37.0,0.0,8.7,4.8,11.0,2.3,2.6,0.4,0.1,0.1,3.325,10
428.0,SaoriHayami,26.944,0.8,1.0,4.986,1.8,2.0,9.0,15.0,1.0,20.0,9.4,32.6,12.6,3.4,1.4,1.4,0.0,4.008,5
429.0,Nunuchu42,7.946,0.5,0.667,3.744,1.833,1.0,8.0,24.0,0.0,7.333,0.667,14.333,7.0,2.833,1.0,1.5,0.0,3.092,6
430.0,HaruUrara,38.343,4.0,1.0,3.848,7.7,7.6,28.0,26.0,0.0,22.5,20.9,28.1,5.6,4.8,1.1,1.2,0.9,3.309,10
431.0,Luna,23.054,2.333,0.333,4.995,3.667,2.667,8.0,8.0,0.0,11.333,16.333,13.667,2.333,3.0,0.667,0.0,0.333,3.984,3
437.0,Loomi,23.221,3.25,0.5,3.945,7.5,2.75,11.0,11.0,1.0,26.25,2.5,33.25,7.0,6.75,1.0,0.5,0.0,3.687,4
441.0,Dav1d1,26.456,3.1,0.3,4.017,6.5,3.4,35.0,18.0,1.0,24.9,5.5,28.1,3.2,6.0,0.7,0.5,0.0,3.642,10
442.0,Efe,27.083,2.0,0.0,3.731,2.0,10.0,1.0,4.0,0.0,15.0,11.0,17.0,2.0,3.0,0.0,2.0,0.0,3.294,1
445.0,Feynox_,30.952,2.0,2.0,4.438,6.0,4.5,6.0,4.0,1.0,28.0,12.5,35.5,7.5,4.0,0.5,0.5,0.0,4.036,2
446.0,Hotpot,25.52,1.0,0.5,4.201,5.5,1.5,5.0,6.0,0.0,17.5,8.0,27.5,10.0,4.0,1.0,3.5,0.0,3.61,2
455.0,l_elf10,17.857,1.0,1.0,4.133,5.0,0.0,3.0,2.0,0.0,7.0,8.0,23.0,16.0,5.0,3.0,0.0,0.0,2.652,1
462.0,hakohoka,10.716,1.8,1.2,3.947,3.4,0.4,13.0,14.0,1.0,11.0,2.0,11.6,0.6,2.6,0.0,0.0,0.0,3.629,5
463.0,Gabetin,33.457,1.3,0.2,4.293,5.9,4.8,27.0,26.0,1.0,32.0,8.5,42.6,10.6,4.8,1.0,2.2,0.0,3.794,10
464.0,Najeem,22.856,1.1,0.9,4.244,3.9,3.2,30.0,25.0,0.0,22.0,2.8,32.5,10.5,3.0,1.4,1.1,0.0,3.712,10
466.0,metak,22.079,1.2,0.4,4.062,3.7,4.4,27.0,27.0,2.0,20.8,6.5,28.5,7.7,4.9,1.1,1.4,0.0,3.42,10
467.0,Caramel36,24.003,2.6,0.5,4.036,5.0,3.4,23.0,32.0,2.0,24.5,3.3,27.5,3.0,4.3,0.4,0.2,0.1,3.776,10
468.0,MisheruDesu,25.375,2.333,1.0,3.743,4.667,5.0,12.0,5.0,0.0,23.0,6.0,27.333,4.333,3.667,0.667,0.333,0.0,3.4,3
471.0,Dovixx,20.552,2.0,1.4,4.576,4.6,3.2,12.0,17.0,0.0,22.2,7.2,25.6,3.4,4.0,0.4,1.0,0.0,4.266,5
472.0,Whales6978,16.302,0.0,4.0,5.023,0.667,2.0,4.0,12.0,0.0,14.333,5.333,31.333,17.0,2.667,0.333,2.333,0.0,4.12,3
474.0,Nomu,12.578,0.6,0.8,4.312,2.4,1.0,12.0,13.0,2.0,13.0,0.8,31.4,18.4,7.4,4.2,3.0,0.0,3.038,5
476.0,ThePieGod,14.744,0.0,9.0,5.565,1.0,2.0,3.0,2.0,1.0,18.0,5.0,28.0,10.0,1.0,0.0,0.0,0.0,4.607,1
477.0,FurLain,31.822,3.0,0.0,4.064,6.5,3.0,7.0,4.0,0.0,20.5,15.5,23.0,2.5,10.0,1.5,0.0,0.0,3.166,2
478.0,jaimeywea,38.705,1.286,0.429,4.448,5.714,7.0,18.0,21.0,1.0,28.429,21.143,33.714,5.286,3.429,0.429,1.0,0.286,4.035,7
479.0,WatchPotat,3.158,0.0,1.0,5.0,0.0,0.0,0.0,5.0,0.0,3.0,0.0,9.0,6.0,0.0,0.0,1.0,0.0,3.333,1
480.0,NMapper,37.878,5.0,0.0,3.859,8.8,7.8,10.0,16.0,1.0,27.8,15.6,37.8,10.0,8.6,3.4,2.2,0.8,2.898,5
481.0,Tugia,30.314,0.5,1.5,4.726,2.5,4.0,4.0,6.0,0.0,21.0,16.0,21.5,0.5,5.0,0.0,0.0,0.0,4.378,2
