Tournament Date,Player ID,player name,guess rate,usefulness,avg diff,erigs,avg /8 correct,OP guess rate,ED guess rate,IN guess rate,rigs,rigs hit,correct count,song count,Rigs missed,Offlist GR
2025-10-11,12,KaoriMaeda,71.318,17.543,30.297,3,4.761,0,0,71.318,52,49,92,129,3,55.84%
2025-10-17,16,yahallonyanpasu,42.991,20.524,24.098,10,3.022,0,0,42.991,41,24,46,107,17,33.33%
2025-07-20,21,PoolNoodle,82.759,21.609,28.296,8,4.108,0,0,82.759,38,35,120,145,3,79.44%
2025-09-14,21,PoolNoodle,82.569,23.504,28.897,3,3.811,0,0,82.569,26,26,90,109,0,77.11%
2025-10-17,21,PoolNoodle,76.768,29.218,27.31,8,3.592,0,0,76.768,23,21,76,99,2,72.37%
2025-09-02,24,supersmooth,46.903,12.334,28.798,4,4.038,0,0,46.903,40,36,53,113,4,23.29%
2025-09-12,24,supersmooth,54.478,10.65,29.983,3,4.74,0,0,54.478,51,48,73,134,3,30.12%
2025-09-14,34,YuriMeguri,56.25,14.51,29.862,5,4.19,0,0,56.25,42,33,63,112,9,42.86%
2025-10-17,34,YuriMeguri,70.0,22.401,28.479,5,3.935,0,0,70,35,33,77,110,2,58.67%
2025-10-17,38,Diukes,28.814,8.225,30.445,3,4.382,0,0,28.814,49,25,34,118,24,13.04%
2025-07-20,43,mkby,68.919,12.227,31.205,3,4.971,0,0,68.919,63,58,102,148,5,51.76%
2025-08-19,43,mkby,57.258,14.359,30.106,7,4.338,0,0,57.258,45,40,71,124,5,39.24%
2025-10-17,49,BlackCondor,27.273,9.524,27.964,3,3.967,0,0,27.273,60,20,30,110,40,20.00%
2025-07-20,52,Thaleko,71.304,16.295,28.594,7,4.537,0,0,71.304,49,46,82,115,3,54.55%
2025-09-07,52,Thaleko,71.053,19.452,29.178,5,3.988,0,0,71.053,42,39,81,114,3,58.33%
2025-09-12,52,Thaleko,72.152,18.182,30.296,10,4.237,0,0,72.152,71,63,114,158,8,58.62%
2025-09-25,52,Thaleko,76.522,18.935,29.798,4,4.227,0,0,76.522,53,51,88,115,2,59.68%
2025-10-26,52,Thaleko,72.951,21.031,30.026,5,4.067,0,0,72.951,53,50,89,122,3,56.52%
2025-09-07,55,sumii,57.018,13.151,30.317,5,4.369,0,0,57.018,34,33,65,114,1,40.00%
2025-09-14,55,sumii,40.659,10.445,29.38,3,4.108,0,0,40.659,17,15,37,91,2,29.73%
2025-10-17,55,xieliann,42.657,13.489,29.626,4,4.098,0,0,42.657,35,30,61,143,5,28.70%
2025-10-11,58,2486,40.0,11.314,29.454,4,4.595,0,0,40,23,17,42,105,6,30.49%
2025-07-20,59,neoburnz,70.064,13.978,31.359,4,4.655,0,0,70.064,66,62,110,157,4,52.75%
2025-09-07,59,neoburnz,65.649,13.925,30.154,4,4.535,0,0,65.649,55,49,86,131,6,48.68%
2025-10-11,59,neoburnz,66.667,17.098,30.597,3,4.479,0,0,66.667,63,55,94,141,8,50.00%
2025-10-26,59,neoburnz,69.281,19.339,30.011,8,4.236,0,0,69.281,74,67,106,153,7,49.37%
2025-09-12,66,bamboo,55.14,13.365,30.225,3,4.492,0,0,55.14,27,27,59,107,0,40.00%
2025-09-07,69,Jube,57.252,12.704,29.684,5,4.533,0,0,57.252,43,39,75,131,4,40.91%
2025-09-07,72,ruuka,53.704,11.12,28.707,1,4.586,0,0,53.704,54,39,58,108,15,35.19%
2025-08-19,77,TomoriKusunoki,66.412,15.577,31.138,4,4.287,0,0,66.412,60,53,87,131,7,47.89%
2025-09-12,77,TomoriKusunoki,71.711,15.343,30.803,7,4.569,0,0,71.711,72,69,109,152,3,50.00%
2025-10-17,77,TomoriKusunoki,64.8,20.296,28.914,3,3.963,0,0,64.8,58,52,81,125,6,43.28%
2025-08-19,79,JuliAless64,57.759,16.048,30.112,3,3.896,0,0,57.759,60,54,67,116,6,23.21%
2025-09-02,79,JuliAless64,59.701,13.131,30.87,2,4.35,0,0,59.701,70,63,80,134,7,26.56%
2025-09-12,79,JuliAless64,59.259,12.557,30.767,7,4.775,0,0,59.259,77,64,80,135,13,27.59%
2025-09-25,79,JuliAless64,53.043,9.716,31.253,1,4.836,0,0,53.043,52,41,61,115,11,31.75%
2025-10-17,79,JuliAless64,63.78,18.485,31.462,4,4.16,0,0,63.78,67,58,81,127,9,38.33%
2025-09-02,81,Pile,46.309,9.707,32.038,5,4.725,0,0,46.309,77,52,69,149,25,23.61%
2025-10-11,82,ShiinaMahiru,57.547,15.76,30.844,5,4.672,0,0,57.547,36,31,61,106,5,42.86%
2025-10-26,82,ShiinaMahiru,75.591,16.887,32.365,4,4.677,0,0,75.591,47,43,96,127,4,66.25%
2025-09-12,88,Emdiel,54.43,11.43,30.674,3,4.57,0,0,54.43,87,73,86,158,14,18.31%
2025-09-02,91,Baikinman,46.903,11.496,30.809,2,4.094,0,0,46.903,56,41,53,113,15,21.05%
2025-09-25,91,Baikinman,43.902,8.435,30.391,0,4.759,0,0,43.902,73,44,54,123,29,20.00%
2025-10-11,91,Baikinman,41.509,7.196,31.698,0,5.341,0,0,41.509,70,40,44,106,30,11.11%
2025-10-17,91,Baikinman,45.038,11.576,30.85,5,4.661,0,0,45.038,80,50,59,131,30,17.65%
2025-10-11,97,chaabdu92,38.06,7.236,32.769,2,5.255,0,0,38.06,47,40,51,134,7,12.64%
2025-10-26,97,chaabdu92,40.336,9.827,28.693,3,4.542,0,0,40.336,40,32,48,119,8,20.25%
2025-09-12,100,753,55.97,10.426,30.927,1,4.76,0,0,55.97,81,57,75,134,24,33.96%
2025-10-17,100,753,52.727,16.248,29.952,4,4.155,0,0,52.727,60,44,58,110,16,28.00%
2025-08-19,104,PLAY_MORE,51.908,12.042,29.008,5,4.485,0,0,51.908,45,41,68,131,4,31.40%
2025-09-14,104,ASSMODE,40.659,10.903,28.629,3,3.946,0,0,40.659,24,19,37,91,5,26.87%
2025-09-25,104,ASSMODE,52.381,14.277,29.42,5,4,0,0,52.381,36,30,55,105,6,36.23%
2025-09-02,109,Ephemeral,66.901,12.964,30.762,4,4.705,0,0,66.901,47,44,95,142,3,53.68%
2025-09-12,109,Ephemeral,63.704,11.122,30.853,2,4.965,0,0,63.704,53,47,86,135,6,47.56%
2025-09-14,109,Ephemeral,64.912,14.607,30.931,4,4.432,0,0,64.912,33,32,74,114,1,51.85%
2025-09-25,109,Ephemeral,52.846,11.161,31.411,3,4.662,0,0,52.846,37,33,65,123,4,37.21%
2025-10-17,109,Ephemeral,59.459,14.621,32.724,2,4.47,0,0,59.459,32,29,66,111,3,46.84%
2025-09-07,113,Maki04,43.878,9.714,30.647,2,4.442,0,0,43.878,33,27,43,98,6,24.62%
2025-10-11,114,Mayottatoki,50.0,11.832,30.692,3,4.754,0,0,50,49,38,61,122,11,31.51%
2025-08-19,115,SaikiChan,45.614,13.803,29.101,6,3.981,0,0,45.614,28,26,52,114,2,30.23%
2025-09-25,115,SaikiChan,38.095,10.063,30.093,2,4.05,0,0,38.095,18,18,40,105,0,25.29%
2025-10-17,115,SaikiChan,43.925,15.091,29.435,5,3.894,0,0,43.925,30,28,47,107,2,24.68%
2025-08-19,119,Fumiii,60.63,14.121,31.453,3,4.299,0,0,60.63,62,59,77,127,3,27.69%
2025-09-02,119,Fumiii,67.407,13.895,30.835,3,4.604,0,0,67.407,73,67,91,135,6,38.71%
2025-09-12,119,Fumiii,62.222,11.235,30.346,2,4.917,0,0,62.222,68,61,84,135,7,34.33%
2025-09-25,119,Fumiii,54.369,13.015,28.517,4,4.5,0,0,54.369,47,43,56,103,4,23.21%
2025-10-11,119,Fumiii,63.529,13.261,31.585,3,4.972,0,0,63.529,91,86,108,170,5,27.85%
2025-10-17,119,Fumiii,60.123,14.194,28.955,1,4.449,0,0,60.123,86,78,98,163,8,25.97%
2025-10-11,120,HiHi,58.209,13.912,32.248,5,4.795,0,0,58.209,46,43,78,134,3,39.77%
2025-07-20,121,Janoxx,17.797,5.275,25.78,3,3.952,0,0,17.797,12,8,21,118,4,12.26%
2025-08-19,121,Janoxx,23.14,9.332,26.253,8,3.429,0,0,23.14,16,13,28,121,3,14.29%
2025-09-02,121,Janoxx,27.434,9.721,26.751,7,3.581,0,0,27.434,18,16,31,113,2,15.79%
2025-09-25,121,Janoxx,25.714,6.583,28.618,2,4.148,0,0,25.714,12,11,27,105,1,17.20%
2025-10-17,121,Janoxx,19.82,7.111,27.512,4,4.091,0,0,19.82,10,10,22,111,0,11.88%
2025-10-26,121,Janoxx,25.41,6.419,31.405,4,4.645,0,0,25.41,12,8,31,122,4,20.91%
2025-08-19,123,Konsumenci,32.759,8.768,28.897,5,4.263,0,0,32.759,23,18,38,116,5,21.51%
2025-07-20,133,OnlyWorldDaiStar,34.783,4.356,32.174,0,5.5,0,0,34.783,48,28,40,115,20,17.91%
2025-08-19,133,OnlyWorldDaiStar,26.613,2.803,33.807,0,5.758,0,0,26.613,36,22,33,124,14,12.50%
2025-09-14,134,Jakemonkey,46.491,7.845,33.156,1,5,0,0,46.491,33,30,53,114,3,28.40%
2025-09-25,134,Jakemonkey,38.261,6.233,31.805,1,5.159,0,0,38.261,29,24,44,115,5,23.26%
2025-10-11,137,Mika_tw,45.39,8.869,31.18,0,4.953,0,0,45.39,32,25,64,141,7,35.78%
2025-08-19,141,Gua,34.483,7.45,30.91,2,4.4,0,0,34.483,30,23,40,116,7,19.77%
2025-07-20,143,mahzrunner,44.915,9.818,31.446,3,4.415,0,0,44.915,38,33,53,118,5,25.00%
2025-09-07,143,mahzrunner,48.148,8.735,29.44,1,4.788,0,0,48.148,33,28,52,108,5,32.00%
2025-09-25,143,mahzrunner,44.8,7.965,28.987,2,4.839,0,0,44.8,37,24,56,125,13,36.36%
2025-10-11,143,mahzrunner,46.226,11.023,30.683,2,4.918,0,0,46.226,40,31,49,106,9,27.27%
2025-07-20,144,LiljaKatsuragi,46.207,7.908,31.658,2,4.955,0,0,46.207,62,50,67,145,12,20.48%
2025-09-07,144,LiljaKatsuragi,46.296,8.794,31.373,2,4.8,0,0,46.296,38,36,50,108,2,20.00%
2025-09-14,144,LiljaKatsuragi,54.688,9.769,31.452,2,4.786,0,0,54.688,57,46,70,128,11,33.80%
2025-09-07,148,uy5gf,35.965,6.906,31.223,1,4.707,0,0,35.965,39,22,41,114,17,25.33%
2025-08-19,149,Zozo,51.181,11.112,31.895,3,4.492,0,0,51.181,52,39,65,127,13,34.67%
2025-09-12,149,Zozo,58.519,11.259,30.765,4,4.911,0,0,58.519,49,45,79,135,4,39.53%
2025-09-25,149,Zozo,52.8,9.972,30.524,3,4.758,0,0,52.8,48,43,66,125,5,29.87%
2025-10-17,149,Zozo,52.985,13.392,32.106,5,4.676,0,0,52.985,58,48,71,134,10,30.26%
2025-07-20,150,Bommie,56.463,7.443,31.572,2,5.373,0,0,56.463,74,69,83,147,5,19.18%
2025-08-19,150,Bommie,56.552,11.141,28.015,1,4.573,0,0,56.552,71,66,82,145,5,21.62%
2025-09-02,150,Bommie,52.0,8.933,30.452,2,4.985,0,0,52,56,53,65,125,3,17.39%
2025-09-07,150,Bommie,48.387,9.819,30.935,1,4.644,0,0,48.387,35,31,45,93,4,24.14%
2025-09-12,150,Bommie,54.478,9.474,31.608,1,4.836,0,0,54.478,66,58,73,134,8,22.06%
2025-09-14,150,Bommie,58.594,9.872,31.435,0,4.813,0,0,58.594,58,57,75,128,1,25.71%
2025-09-25,150,Bommie,56.0,10.822,29.269,2,4.714,0,0,56,58,51,70,125,7,28.36%
2025-10-17,150,Bommie,50.35,12.607,30.322,2,4.389,0,0,50.35,61,59,72,143,2,15.85%
2025-10-26,150,Bommie,66.142,12.406,33.029,1,4.976,0,0,66.142,74,67,84,127,7,32.08%
2025-09-02,159,legrandort,42.963,5.592,34.269,0,5.379,0,0,42.963,45,41,58,135,4,18.89%
2025-09-07,159,legrandort,32.061,4.881,31.24,2,5.238,0,0,32.061,28,24,42,131,4,17.48%
2025-09-12,159,legrandort,44.444,5.869,31.282,2,5.5,0,0,44.444,41,39,60,135,2,22.34%
2025-09-25,159,legrandort,31.068,5.185,30.803,2,5.375,0,0,31.068,26,25,32,103,1,9.09%
2025-10-26,159,legrandort,37.255,5.796,32.056,0,5.228,0,0,37.255,41,38,57,153,3,16.96%
2025-09-07,160,Skychael,27.957,6.417,29.46,2,4.731,0,0,27.957,19,14,26,93,5,16.22%
2025-07-20,164,IAmAsianNoob,30.435,2.728,31.383,0,5.886,0,0,30.435,20,18,35,115,2,17.89%
2025-09-12,164,IAmAsianNoob,37.342,5.349,34.14,1,5.203,0,0,37.342,38,36,59,158,2,19.17%
2025-09-14,164,IAmAsianNoob,45.833,6.429,32.55,0,5.218,0,0,45.833,30,27,55,120,3,31.11%
2025-10-17,164,IAmAsianNoob,29.771,4.912,34.062,0,5.359,0,0,29.771,24,21,39,131,3,16.82%
2025-10-26,164,IAmAsianNoob,40.945,5.048,35.121,1,5.731,0,0,40.945,32,27,52,127,5,26.32%
2025-08-19,171,JustaWeirdo,31.579,5.636,30.802,0,4.972,0,0,31.579,25,21,36,114,4,16.85%
2025-09-02,171,JustaWeirdo,38.053,8.158,28.832,2,4.442,0,0,38.053,29,26,43,113,3,20.24%
2025-09-14,171,JustaWeirdo,35.833,4.008,31.951,0,5.535,0,0,35.833,26,22,43,120,4,22.34%
2025-09-25,171,JustaWeirdo,31.304,5.454,31.574,1,5.056,0,0,31.304,21,17,36,115,4,20.21%
2025-10-11,171,JustaWeirdo,39.552,8.428,32.323,2,5.094,0,0,39.552,33,31,53,134,2,21.78%
2025-10-17,171,JustaWeirdo,36.364,8.96,29.389,0,4.472,0,0,36.364,24,22,36,99,2,18.67%
2025-10-26,171,JustaWeirdo,37.097,7.72,31.336,1,4.696,0,0,37.097,35,32,46,124,3,15.73%
2025-09-07,172,oolli,29.63,4.917,30.805,0,5.062,0,0,29.63,35,25,32,108,10,9.59%
2025-10-11,172,oolli,44.961,7.504,31.069,2,5.586,0,0,44.961,70,52,58,129,18,10.17%
2025-10-26,172,oolli,36.134,6.638,31.147,0,4.93,0,0,36.134,50,35,43,119,15,11.59%
2025-07-20,174,a_hooman,24.204,2.53,34.355,0,5.737,0,0,24.204,51,30,38,157,21,7.55%
2025-09-02,174,a_hooman,25.503,4.165,34.435,0,5.053,0,0,25.503,48,28,38,149,20,9.90%
2025-09-07,174,a_hooman,18.367,3.85,31.58,0,4.611,0,0,18.367,19,10,18,98,9,10.13%
2025-10-17,174,a_hooman,23.423,5.1,32.139,1,4.808,0,0,23.423,34,24,26,111,10,2.60%
2025-10-26,174,a_hooman,28.667,5.16,34.937,1,5.116,0,0,28.667,49,32,43,150,17,10.89%
2025-10-26,175,Kirox,43.357,8.878,32.933,1,4.871,0,0,43.357,60,45,62,143,15,20.48%
2025-08-19,179,Floth,55.405,11.425,31.442,4,4.561,0,0,55.405,33,31,82,148,2,44.35%
2025-09-07,179,Floth,61.224,13.981,30.043,2,4.283,0,0,61.224,27,25,60,98,2,49.30%
2025-07-20,202,mekoKicco,60.544,9.484,31.954,5,5.18,0,0,60.544,46,42,89,147,4,46.53%
2025-08-19,202,mekoKicco,50.0,9.12,31.639,2,4.935,0,0,50,40,30,62,124,10,38.10%
2025-09-12,202,mekoKicco,63.158,10.67,32.18,1,4.896,0,0,63.158,49,39,96,152,10,55.34%
2025-10-11,205,TBDhater,52.353,9.591,32.919,2,5.202,0,0,52.353,90,75,89,170,15,17.50%
2025-08-19,207,Wolbachia,47.297,10.418,29.425,4,4.5,0,0,47.297,37,30,70,148,7,36.04%
2025-09-02,207,Wolbachia,53.691,12.24,30.263,3,4.412,0,0,53.691,34,31,80,149,3,42.61%
2025-09-12,207,Wolbachia,55.14,12.114,31.301,5,4.729,0,0,55.14,27,24,59,107,3,43.75%
2025-09-14,207,Wolbachia,56.25,14.25,28.101,4,4.19,0,0,56.25,35,31,63,112,4,41.56%
2025-10-17,207,Wolbachia,44.545,12.19,28.221,2,4.306,0,0,44.545,23,19,49,110,4,34.48%
2025-10-26,207,Wolbachia,64.167,19.934,30.386,9,4.078,0,0,64.167,45,41,77,120,4,48.00%
2025-08-19,217,ShelterRin,55.118,10.262,32.326,0,4.686,0,0,55.118,43,42,70,127,1,33.33%
2025-09-12,217,ShelterRin,51.2,7.279,31.742,0,5.188,0,0,51.2,37,34,64,125,3,34.09%
2025-10-17,217,ShelterRin,51.493,9.376,32.956,2,5.203,0,0,51.493,36,34,69,134,2,35.71%
2025-08-19,219,Python,41.322,11.052,28.813,4,4.12,0,0,41.322,39,35,50,121,4,18.29%
2025-07-20,220,whiterabbit,66.949,19.324,29.216,6,3.823,0,0,66.949,45,45,79,118,0,46.58%
2025-09-02,220,miku_,61.94,15.66,30.733,5,4.157,0,0,61.94,42,41,83,134,1,45.65%
2025-09-14,220,miku_,70.0,16.321,31.041,6,4.44,0,0,70,33,33,84,120,0,58.62%
2025-10-17,220,miku_,70.992,19.361,30.663,2,4.355,0,0,70.992,40,40,93,131,0,58.24%
2025-10-17,225,MythAndroid,23.364,6.283,32.741,2,4.44,0,0,23.364,43,25,25,107,18,0.00%
2025-09-12,228,Dry,46.721,12.009,27.81,6,4.404,0,0,46.721,65,50,57,122,15,12.28%
2025-09-25,228,Dry,44.715,11.645,29.776,4,4.382,0,0,44.715,56,47,55,123,9,11.94%
2025-10-26,228,Dry,41.129,12.163,26.451,2,3.922,0,0,41.129,67,45,51,124,22,10.53%
2025-09-25,238,Progenitor,38.835,6.63,28.545,2,5.2,0,0,38.835,22,20,40,103,2,24.69%
2025-07-20,247,_Shadow,45.223,6.689,33.427,1,5.211,0,0,45.223,53,48,71,157,5,22.12%
2025-08-19,247,Vivlos,36.364,7.504,31.888,2,4.523,0,0,36.364,30,27,44,121,3,18.68%
2025-09-02,247,Vivlos,51.408,8.054,32.104,1,5.055,0,0,51.408,55,42,73,142,13,35.63%
2025-09-07,247,Vivlos,45.918,10.041,30.875,2,4.444,0,0,45.918,35,33,45,98,2,19.05%
2025-09-12,247,Vivlos,43.443,7.875,31.895,2,4.849,0,0,43.443,47,37,53,122,10,21.33%
2025-09-14,247,Vivlos,49.123,9.018,32.045,2,4.893,0,0,49.123,44,36,56,114,8,28.57%
2025-09-25,247,Vivlos,50.435,9.52,30.8,2,4.81,0,0,50.435,45,40,58,115,5,25.71%
2025-10-11,247,_Shadow,54.118,11.14,32.303,4,5.098,0,0,54.118,76,66,92,170,10,27.66%
2025-10-17,247,_Shadow,38.983,10.507,31.961,4,4.5,0,0,38.983,34,30,46,118,4,19.05%
2025-10-26,247,_Shadow,57.333,12.168,31.776,3,4.744,0,0,57.333,68,60,86,150,8,31.71%
2025-10-11,253,Rhummy,24.823,8.535,28.294,5,4.257,0,0,24.823,52,28,35,141,24,7.87%
2025-10-17,253,Rhummy,23.664,4.49,33.367,1,5.258,0,0,23.664,31,20,31,131,11,11.00%
2025-07-20,259,Patoche49,44.595,5.022,32.716,2,5.773,0,0,44.595,44,41,66,148,3,24.04%
2025-08-19,259,Patoche49,33.588,4.76,31.247,0,5.295,0,0,33.588,34,31,44,131,3,13.40%
2025-09-12,259,Patoche49,31.776,3.866,34.267,0,5.647,0,0,31.776,21,21,34,107,0,15.12%
2025-10-11,259,Patoche49,36.879,6.233,33.583,0,5.231,0,0,36.879,39,39,52,141,0,12.75%
2025-10-17,259,Patoche49,31.356,5.99,32.503,1,5.027,0,0,31.356,25,23,37,118,2,15.05%
2025-10-26,259,Patoche49,51.333,8.232,33.406,0,5.117,0,0,51.333,47,47,77,150,0,29.13%
2025-10-11,268,iryd,50.476,16.352,28.526,6,4.283,0,0,50.476,26,19,53,105,7,43.04%
2025-09-14,274,Mami,46.789,9.975,31.645,1,4.451,0,0,46.789,21,16,51,109,5,39.77%
2025-10-11,274,Mami,45.39,10.117,32.391,4,5.078,0,0,45.39,24,20,64,141,4,37.61%
2025-09-12,276,aimyon,47.407,6.112,32.689,0,5.469,0,0,47.407,40,36,64,135,4,29.47%
2025-09-12,285,miiarad,50.82,10.685,30.979,3,4.597,0,0,50.82,23,21,62,122,2,41.41%
2025-09-14,285,miiarad,41.406,6.199,31.29,1,5.113,0,0,41.406,24,23,53,128,1,28.85%
2025-09-25,285,miiarad,38.835,7.638,28.539,2,4.95,0,0,38.835,20,20,40,103,0,24.10%
2025-10-11,285,miiarad,52.713,11.41,30.816,2,5.074,0,0,52.713,26,25,68,129,1,41.75%
2025-10-26,285,miiarad,50.98,11.184,30.928,1,4.641,0,0,50.98,38,37,78,153,1,35.65%
2025-09-12,289,provenance,43.2,9.09,29.561,6,4.926,0,0,43.2,37,33,54,125,4,23.86%
2025-09-14,289,provenance,30.769,8.617,29.155,2,3.964,0,0,30.769,16,15,28,91,1,17.33%
2025-09-25,289,provenance,36.19,8.978,29.506,2,4.237,0,0,36.19,22,21,38,105,1,20.48%
2025-10-17,289,provenance,40.8,13.624,29.365,7,4.078,0,0,40.8,34,33,51,125,1,19.78%
2025-10-17,290,anticool,33.645,6.855,31.751,0,4.667,0,0,33.645,27,25,36,107,2,13.75%
2025-07-20,291,ss_r_white_pony,47.297,5.611,32.895,1,5.629,0,0,47.297,44,36,70,148,8,32.69%
2025-08-19,291,ss_r_white_pony,47.107,11.383,29.958,3,4.281,0,0,47.107,36,36,57,121,0,24.71%
2025-09-07,291,ss_r_white_pony,40.517,8.358,30.182,2,4.596,0,0,40.517,21,18,47,116,3,30.53%
2025-10-11,291,ss_r_white_pony,52.239,12.836,31.581,5,4.843,0,0,52.239,37,33,70,134,4,38.14%
2025-10-17,291,ss_r_white_pony,40.678,12.873,27.758,5,4.188,0,0,40.678,36,34,48,118,2,17.07%
2025-08-19,307,KaedeDayo,54.386,12.6,30.388,2,4.355,0,0,54.386,32,31,62,114,1,37.80%
2025-09-02,307,KaedeDayo,74.074,16.618,31.047,4,4.5,0,0,74.074,46,46,100,135,0,60.67%
2025-10-17,307,KaedeDayo,54.054,13.264,30.454,2,4.517,0,0,54.054,33,31,60,111,2,37.18%
2025-09-07,318,Nephirea,53.448,11.594,30.189,2,4.403,0,0,53.448,34,34,62,116,0,34.15%
2025-10-11,318,Nephirea,64.539,17.479,31.962,7,4.637,0,0,64.539,43,43,91,141,0,48.98%
2025-10-17,318,Nephirea,63.78,18.049,30.524,4,4.198,0,0,63.78,50,50,81,127,0,40.26%
2025-10-26,318,Nephirea,65.035,17.978,31.473,5,4.226,0,0,65.035,54,54,93,143,0,43.82%
2025-09-07,322,KasumiYozora,27.586,6.337,30.433,3,4.594,0,0,27.586,31,25,32,116,6,8.24%
2025-10-26,322,KasumiYozora,43.697,9.763,30.946,1,4.615,0,0,43.697,47,40,52,119,7,16.67%
2025-08-19,325,Swapin,37.931,7.905,31.687,2,4.5,0,0,37.931,42,30,44,116,12,18.92%
2025-09-07,325,Swapin,40.86,7.918,29.298,2,4.789,0,0,40.86,33,24,38,93,9,23.33%
2025-09-25,325,Swapin,40.8,5.963,30.505,1,5.196,0,0,40.8,37,29,51,125,8,25.00%
2025-10-17,325,Swapin,48.951,11.758,29.785,2,4.529,0,0,48.951,51,45,70,143,6,27.17%
2025-10-26,325,Swapin,37.097,8.931,31.923,3,4.5,0,0,37.097,34,22,46,124,12,26.67%
2025-10-17,326,CureZukyoon,41.818,12.714,29.865,4,4.261,0,0,41.818,43,30,46,110,13,23.88%
2025-08-19,335,xeyz,20.611,2.417,34.421,0,5.63,0,0,20.611,90,27,27,131,63,0.00%
2025-09-02,335,xeyz,24.627,3.682,32.56,0,5.121,0,0,24.627,100,29,33,134,71,11.76%
2025-09-12,335,xeyz,25.658,2.761,34.457,1,5.769,0,0,25.658,124,37,39,152,87,7.14%
2025-09-14,335,xeyz,18.681,4.517,29.404,1,4.235,0,0,18.681,60,16,17,91,44,3.23%
2025-09-25,335,xeyz,23.478,2.431,33.959,0,5.815,0,0,23.478,76,25,27,115,51,5.13%
2025-10-11,335,xeyz,24.113,3.354,34.832,1,5.824,0,0,24.113,110,34,34,141,76,0.00%
2025-10-17,335,xeyz,28.283,5.402,31.235,0,4.857,0,0,28.283,67,27,28,99,40,3.13%
2025-10-26,335,xeyz,24.194,5.049,33.01,0,4.567,0,0,24.194,90,29,30,124,61,2.94%
2025-09-14,343,inta,20.536,4.75,28.761,2,4.652,0,0,20.536,30,19,23,112,11,4.88%
2025-10-26,356,lsekaijoucho,52.0,10.853,33.255,5,4.91,0,0,52,66,48,78,150,18,35.71%
2025-09-02,364,I_dont_like_loli,32.8,4.049,31.222,1,5.561,0,0,32.8,30,27,41,125,3,14.74%
2025-09-12,364,I_dont_like_loli,32.237,4.446,30.733,0,5.388,0,0,32.237,42,34,49,152,8,13.64%
2025-10-17,364,I_dont_like_loli,32.09,4.97,32.804,1,5.628,0,0,32.09,33,26,43,134,7,16.83%
2025-07-20,366,AitsukiNakuru,50.955,8.411,32.797,3,5.075,0,0,50.955,84,60,80,157,24,27.40%
2025-10-11,366,AitsukiNakuru,53.279,13.072,30.198,5,4.708,0,0,53.279,49,39,65,122,10,35.62%
2025-07-20,367,PotassiumF,34.746,6.559,31.27,1,4.732,0,0,34.746,35,26,41,118,9,18.07%
2025-09-07,367,PotassiumF,40.86,7.474,31.935,1,4.789,0,0,40.86,28,26,38,93,2,18.46%
2025-10-11,367,PotassiumF,39.007,7.005,33.398,1,5.4,0,0,39.007,48,44,55,141,4,11.83%
2025-10-26,369,florenz,30.833,5.54,35.722,0,4.973,0,0,30.833,44,28,37,120,16,11.84%
2025-09-12,370,Andrey_K,32.8,5.879,29.243,2,5.073,0,0,32.8,35,30,41,125,5,12.22%
2025-10-17,370,Andrey_K,26.263,5.666,28.68,1,4.769,0,0,26.263,17,16,26,99,1,12.20%
2025-10-26,370,Andrey_K,36.667,9.649,31.192,3,4.455,0,0,36.667,30,28,44,120,2,17.78%
2025-08-19,376,qwecocacola,36.552,6.812,27.089,1,4.792,0,0,36.552,35,31,53,145,4,20.00%
2025-10-11,378,erzakuran,10.476,3.58,26.777,2,4.455,0,0,10.476,13,10,11,105,3,1.09%
2025-10-26,378,erzakuran,13.072,3.78,28.03,3,4.45,0,0,13.072,27,18,20,153,9,1.59%
2025-09-02,379,CipherKai,59.2,11.36,30.721,2,4.757,0,0,59.2,70,58,74,125,12,29.09%
2025-10-17,379,CipherKai,46.4,11.232,31.777,0,4.466,0,0,46.4,56,44,58,125,12,20.29%
2025-10-17,381,Gokozinho,20.909,5.571,30.478,1,4.435,0,0,20.909,31,19,23,110,12,5.06%
2025-10-26,389,Sharet,34.426,7.619,31.272,2,4.714,0,0,34.426,34,25,42,122,9,19.32%
2025-07-20,393,Kyuuuu,29.252,3.247,31.362,1,5.744,0,0,29.252,47,31,43,147,16,12.00%
2025-08-19,393,Kyuuuu,33.333,5.255,32.571,1,5.105,0,0,33.333,37,27,38,114,10,14.29%
2025-09-07,393,Kyuuuu,26.724,5.141,31.938,1,4.742,0,0,26.724,30,23,31,116,7,9.30%
2025-09-12,393,Kyuuuu,34.426,6.832,32.008,2,4.881,0,0,34.426,39,32,42,122,7,12.05%
2025-09-25,393,Kyuuuu,34.959,7.746,31.269,2,4.791,0,0,34.959,42,29,43,123,13,17.28%
2025-10-11,393,Kyuuuu,35.294,7.198,32.148,3,5.283,0,0,35.294,54,41,60,170,13,16.38%
2025-10-17,393,Kyuuuu,36.196,9.165,29.518,6,4.661,0,0,36.196,53,44,59,163,9,13.64%
2025-10-26,393,Kyuuuu,37.063,9.243,31.536,3,4.547,0,0,37.063,51,39,53,143,12,15.22%
2025-07-20,394,MizukiNana,66.216,11.452,31.483,2,5.031,0,0,66.216,64,57,98,148,7,48.81%
2025-08-19,394,MizukiNana,57.241,12.884,26.96,4,4.422,0,0,57.241,58,52,83,145,6,35.63%
2025-09-02,394,MizukiNana,59.859,11.229,30.771,1,4.765,0,0,59.859,53,49,85,142,4,40.45%
2025-09-12,394,MizukiNana,62.4,12.809,29.149,4,4.692,0,0,62.4,52,48,78,125,4,41.10%
2025-09-25,394,MizukiNana,54.783,11.458,30.693,4,4.651,0,0,54.783,36,33,63,115,3,37.97%
2025-10-11,394,MizukiNana,58.197,15.256,29.844,5,4.592,0,0,58.197,55,50,71,122,5,31.34%
2025-10-17,394,MizukiNana,58.896,14.003,29.082,0,4.448,0,0,58.896,68,57,96,163,11,41.05%
2025-10-26,394,MizukiNana,64.706,17.446,28.643,4,4.156,0,0,64.706,52,44,77,119,8,49.25%
2025-09-12,395,LordGrond,19.259,2.818,31.923,0,5.538,0,0,19.259,21,18,26,135,3,7.02%
2025-09-14,395,LordGrond,22.656,3.504,31.692,0,5.069,0,0,22.656,29,25,29,128,4,4.04%
2025-10-17,395,LordGrond,23.077,5.234,31.717,2,4.818,0,0,23.077,35,28,33,143,7,4.63%
2025-08-19,399,ElJuanchi,21.774,2.283,33.112,0,5.778,0,0,21.774,16,9,27,124,7,16.67%
2025-09-02,399,ElJuanchi,25.185,2.163,36.462,0,6.088,0,0,25.185,15,14,34,135,1,16.67%
2025-10-11,399,ElJuanchi,21.698,3.772,33.671,0,5.435,0,0,21.698,14,13,23,106,1,10.87%
2025-10-17,399,ElJuanchi,29.091,6.409,32.281,1,4.875,0,0,29.091,19,18,32,110,1,15.38%
2025-10-26,399,ElJuanchi,27.869,5.191,32.027,1,5.029,0,0,27.869,13,11,34,122,2,21.10%
2025-08-19,403,AnnaYanami,35.135,6.91,33.004,2,4.731,0,0,35.135,27,27,52,148,0,20.66%
2025-09-02,403,AnnaYanami,42.953,7.666,33.405,2,4.859,0,0,42.953,30,30,64,149,0,28.57%
2025-10-17,403,AnnaYanami,33.858,8.741,31.725,2,4.535,0,0,33.858,17,16,43,127,1,24.55%
2025-08-19,405,anicomi,22.759,4.242,29.124,1,5.03,0,0,22.759,42,25,33,145,17,7.77%
2025-09-02,405,anicomi,18.657,4.109,30.626,1,4.8,0,0,18.657,33,20,25,134,13,4.95%
2025-09-07,405,anicomi,21.93,4.541,31.617,1,4.64,0,0,21.93,35,19,25,114,16,7.59%
2025-09-12,405,anicomi,26.667,2.754,32.339,1,6.028,0,0,26.667,41,26,36,135,15,10.64%
2025-09-14,405,anicomi,27.5,3.529,32.217,0,5.394,0,0,27.5,32,24,33,120,8,10.23%
2025-10-11,405,anicomi,26.23,6.214,30.588,3,4.969,0,0,26.23,43,24,32,122,19,10.13%
2025-10-17,405,anicomi,25.153,5.484,29.779,2,4.829,0,0,25.153,47,33,41,163,14,6.90%
2025-10-26,405,anicomi,31.496,3.514,35.544,0,5.825,0,0,31.496,42,27,40,127,15,15.29%
2025-10-17,410,FoopyPoopy,8.8,2.457,29.497,2,4.636,0,0,8.8,22,10,11,125,12,0.97%
2025-09-25,413,zokie,33.913,7.127,32.839,3,4.744,0,0,33.913,27,22,39,115,5,19.32%
2025-10-11,413,zokie,23.81,5.005,33.513,2,5.32,0,0,23.81,28,16,25,105,12,11.69%
2025-08-19,416,OkitaNobu,25.197,5.966,34.101,4,4.75,0,0,25.197,37,23,32,127,14,10.00%
2025-09-07,416,OkitaNobu,20.611,3.711,31.645,2,5.185,0,0,20.611,31,16,27,131,15,11.00%
2025-09-12,416,OkitaNobu,27.612,5.375,32.015,1,4.703,0,0,27.612,36,24,37,134,12,13.27%
2025-09-14,416,OkitaNobu,29.825,5.308,33.159,2,5.088,0,0,29.825,36,22,34,114,14,15.38%
2025-08-19,417,YellowRose,27.027,4.386,32.69,1,5.125,0,0,27.027,41,28,40,148,13,11.21%
2025-09-02,417,YellowRose,32.0,5.079,32.181,1,5.35,0,0,32,42,29,40,125,13,13.25%
2025-09-14,417,YellowRose,31.193,6.695,33.819,2,4.618,0,0,31.193,42,27,34,109,15,10.45%
2025-10-11,417,YellowRose,37.209,6.866,33.016,2,5.562,0,0,37.209,46,33,48,129,13,18.07%
2025-10-17,417,YellowRose,28.182,5.982,31.277,1,4.871,0,0,28.182,33,21,31,110,12,12.99%
2025-10-26,417,YellowRose,32.168,5.043,32.457,0,5.326,0,0,32.168,54,35,46,143,19,12.36%
2025-09-12,419,keysha18,34.579,3.952,34.112,1,5.703,0,0,34.579,32,26,37,107,6,14.67%
2025-09-14,419,keysha18,37.5,7.607,34.656,2,4.714,0,0,37.5,38,33,42,112,5,12.16%
2025-10-26,419,keysha18,36.667,8.088,34.867,3,4.864,0,0,36.667,31,28,44,120,3,17.98%
2025-09-02,424,HerofTime,14.085,1.835,34.523,0,5.6,0,0,14.085,28,20,20,142,8,0.00%
2025-09-14,424,HerofTime,12.844,2.078,36.085,0,5.071,0,0,12.844,19,13,14,109,6,1.11%
2025-09-12,426,brandon_K,6.962,0.624,35.619,0,6.364,0,0,6.962,10,4,11,158,6,4.73%
2025-10-17,426,Raphtelia,7.874,1.847,33.074,1,4.8,0,0,7.874,8,5,10,127,3,4.20%
